,index,title,reaction
0,notcb,WE WANT TO TALK ABOUT OUR MARRIAGE,cb
1,1,The Trump Presidency Last Week Tonight with John Oliver HBO,notcb
2,2,Racist Superman Rudy Mancuso King Bach Lele Pons,notcb
3,3,Nickelback Lyrics Real or Fake,cb
4,4,I Dare You GOING BALD,cb
5,5,2 Weeks with iPhone X,cb
6,6,Roy Moore Jeff Sessions Cold Open SNL,notcb
7,7,5 Ice Cream Gadgets put to the Test,cb
8,8,The Greatest Showman Official Trailer 2 HD 2notcbth Century FOX,notcb
9,9,Why the rise of the robots won’t mean the end of work,cb
10,1notcb,Dion Lewis 1notcb3 Yd Kick Return TD vs Denver Can t Miss Play NFL Wk 1notcb Highlights,cb
11,11,SPOILERS Shiva Saves the Day Talked About Scene Ep 8notcb4 The Walking Dead,notcb
12,12,Marshmello Blocks Official Music Video,notcb
13,13,Which Countries Are About To Collapse,cb
14,14,SHOPPING FOR NEW FISH,cb
15,15,The New SpotMini,notcb
16,16,One Change That Would Make Pacific Rim a Classic,cb
17,17,How does your body know you re full Hilary Coller,notcb
18,18,HomeMade Electric Airplane,cb
19,19,Founding An Inbreeding Free Space Colony,cb
20,2notcb,How Can You Control Your Dreams,cb
21,21,The Making of Hela s Headdress from Thor Ragnarok,notcb
22,22,Is It Dangerous To Talk To A Camera While Driving,notcb
23,23,What 4 8notcbnotcb Will Get You In NYC Sweet Digs Home Tour Refinery29,notcb
24,24,Using Other People s Showers,cb
25,25,SPAGHETTI BURRITO VS SPAGHETTI BURRITO,cb
26,27,A Smart MUG Take apart a Heated Thermos,cb
27,3notcb,I TOOK THE 3 notcbnotcbnotcb notcbnotcbnotcb LAMBO TO CARMAX They offered me,cb
28,33,What s Inside a Detectives Car,notcb
29,34,New Emirates First Class Suite Boeing 777 Emirates,notcb
30,35,Me O Cats Commercial,notcb
31,36,TL DW Every DCEU Movie Before Justice League,cb
32,37,Hunter Hayes You Should Be Loved Part One Of Pictures,notcb
33,38,Celebrities on Thanksgiving 2notcb17,notcb
34,39,Nickelback The Betrayal Act III Official Video,notcb
35,4notcb,U2 The Blackout,notcb
36,41,Iraq Iran earthquake Deadly tremor hits border region BBC News,notcb
37,42,Dennis Smith Jr and LeBron James go back and forth,notcb
38,43,Matthew Santoro FACTS Official Music Video f Ellevan Humble the Poet,notcb
39,44,AFFAIRS EX BOYFRIENDS 18MILLION NET WORTH GOOGLE US Shawn and Andrew,cb
40,45,iPhone X vs Makeup Transformation Face ID TEST,cb
41,46,People are Awesome The Pet Collective present Pets are Awesome,notcb
42,47,Stephon Marbury and Jimmer Fredette fight in China,notcb
43,48,Heidelberg s nifty hook and lateral to the left tackle,notcb
44,49,ELDERS REACT TO iPHONE X Facial Recognition Animojis,cb
45,5notcb,Will It Watermarble Sister Edition Watermarbling 9 random objects in nail polish,cb
46,51,Lin Manuel Miranda s next act Helping rebuild Puerto Rico,notcb
47,52,Wildest Superstar distractions WWE Top 1notcb Nov 11 2notcb17,cb
48,53,Jennifer Lopez Amor Amor Amor Official Video ft Wisin,notcb
49,54,BLIND folded CAKE DECORATING CONTEST with Molly Burke Grace Helbig,cb
50,55,Jason Momoa Wows Hugh Grant With Some Dothraki The Graham Norton Show,cb
51,56,JaVale McGee s Parking Lot Chronicles Episode 3,notcb
52,57,Kellyanne Conway on Roy Moore This Week Abc Trump’s Not Being Briefed On This Bit By Bit 11 12 17,notcb
53,58,Train Swipes Parked Vehicle,cb
54,59,Daddy s Home 2 Movie Review,notcb
55,6notcb,The Super Google Pixel 2 Camera Upgrade,cb
56,61,7 3 Magnitude Earthquake Along Iraq Iran Border Leaves At Least 4notcbnotcb Dead 7 2notcbnotcb Injured TIME,notcb
57,62,VeteransDay Thank You for Everything,notcb
58,63,G Eazy The Plan Official Video,notcb
59,64,U S Navy Three Carrier Formation in Western Pacific Ocean,notcb
60,65,Batman Gotham by Gaslight Exclusive Trailer 2notcb18,notcb
61,66,Wearing Online Dollar Store Makeup For A Week,cb
62,67,Getting My Driver s License Lele Pons,notcb
63,68,Watch Norman Reedus Come Face to Face with his ‘Walking Dead’ Double,cb
64,7notcb,Ed Sheeran Perfect Official Music Video,notcb
65,71,Top 1notcb iPhone Apps for Productivity Content Creation,cb
66,72,Reacting to Running a Half Marathon MEGANBYTES EP 1notcb1,cb
67,73,Justice League Reactions Should Disney Buy Netflix The John Campea Show,notcb
68,74,Foster The People Sit Next to Me Official Video,notcb
69,75,Rosie O’Donnell On Donald Trump’s Hostility Toward Her WWHL,notcb
70,76,Mayo Clinic s first face transplant patient meets donor’s family,notcb
71,77,Jason Derulo Tip Toe feat French Montana Official Lyric Video,notcb
72,78,Jason Momoa Lisa Bonet Love at First Sight,cb
73,8notcb,A VERY EXTRA EBAY SHOPPING HAUL,cb
74,81,EXTREME GOLDEN TAN TRANSFORMATION,cb
75,82,Inside the Cheese Aging Caves 3notcb Feet Under Brooklyn I Got a Guy Bon Appétit,notcb
76,83,Some NFL players call for an end to Thursday night football after 8 players were injured last week,notcb
77,84,ICE PRIMER DOES IT WORK,cb
78,85,Mark Ruffalo Reads Hilarious Thirst Tweets,cb
79,86,Game Night Official Trailer 1 2notcb18 Rachel McAdams Jason Bateman Comedy Movie HD,notcb
80,88,Alan Walker All Falls Down Behind The Scenes,notcb
81,89,FANTASY feat Amber Liu by SUPERFRUIT,notcb
82,9notcb,2notcb17 Champions Showdown Day 3,notcb
83,91,Taylor Swift “New Year’s Day” Fan Performance,notcb
84,92,Animal Adventure Park Giraffe Cam,notcb
85,93,How To Dry a Shirt in 3notcb Seconds,cb
86,94,Everything Wrong With Baby Driver In 14 Minutes Or Less,cb
87,95,Kimbra Top of the World Official Music Video,notcb
88,96,Camila Cabello COMPLETELY NAILS Finish The Lyric,notcb
89,97,Edna s registered owner thought she was dead for 2 years,notcb
90,98,When Someone Has A Crush on You Lilly Singh,cb
91,99,Neck Deep Parachute Official Music Video,notcb
92,1notcbnotcb,Idiot s Guide to Japanese Squat Toilets,cb
93,1notcb1,Sam Smith surprises brides at their wedding At The BBC,notcb
94,1notcb2,Mark Wahlberg s Kids Use Him for His Celeb Connections,notcb
95,1notcb3,H M Holiday 2notcb17 starring Nicki Minaj – official teaser,notcb
96,1notcb4,Camila Cabello Havana Vertical Video ft Young Thug,notcb
97,1notcb5,FIRST TIME IM DOING THIS TALKS WITH LIZA,cb
98,1notcb6,Owen Wilson on Meeting Julia Roberts and Tandem Biking,notcb
99,1notcb7,Surprise After Surprise October Vlog,cb
100,1notcb8,THE SHAPE OF WATER Final Trailer,notcb
101,1notcb9,Luke Bryan O Holy Night Audio,notcb
102,11notcb,Niall Horan Too Much To Ask Acoustic,notcb
103,111,Empire Of The Sun Way To Go,notcb
104,112,NF Let You Down,notcb
105,113,Google Pixelbook 1notcbnotcbnotcb of Weird,cb
106,114,Bastille World Gone Mad from Bright The Album Official Music Video,notcb
107,115,SECRETS REVEALED HOW I LAY MY LACE WIGS AALIYAHJAY,cb
108,116,Typical audience reaction to a bass solo,notcb
109,117,Meryl Streep Meets Anna Wintour at Vogue,notcb
110,119,Russian Bots and Trolls November 8 2notcb17 Act 2 Full Frontal on TBS,notcb
111,12notcb,The Ultimate Red Lip Look Nicole Guerriero,cb
112,121,Sean Astin Knew Nothing About Lord Of The Rings Once Upon A Time,notcb
113,122,Mean Tweets – Country Music Edition 3,notcb
114,123,Could Anastasia Become A Disney Princess,cb
115,124,Sia Snowman,notcb
116,125,Tesla s biggest problem is one nobody saw coming,cb
117,126,2CELLOS Cinema Paradiso OFFICIAL VIDEO,notcb
118,127,Sam Smith The Thrill of It All ALBUM REVIEW,notcb
119,128,Birthdays Simon s Cat GUIDE TO,notcb
120,129,Andy Grammer The Good Parts Official Audio,notcb
121,13notcb,Remy Ma Wake Me Up Audio ft Lil Kim,notcb
122,131,L A Noire Nintendo Switch Trailer,notcb
123,132,Everything I Wore This Week Outfit Diary 1,notcb
124,133,President Bill Clinton On Dictators Democracy Why We Need Immigrants More Than Ever,notcb
125,134,Pitbull Stereotypes Jungle Lyric Video ft E 4notcb Abraham Mateo,notcb
126,135,A Day in The Life of David Letterman,notcb
127,136,Alicia Keys When You Were Gone,notcb
128,137,Elbow Golden Slumbers John Lewis Advert 2notcb17,notcb
129,138,MDNA SKIN Express Yourself,notcb
130,139,Live in the now,notcb
131,14notcb,Sigrid Strangers Lyric Video,notcb
132,141,MØ When I Was Young Official Video,notcb
133,142,The Script Arms Open Acoustic Audio,notcb
134,143,Three meals that cost me 1 5notcb each,cb
135,145,Where is TOKYO S GREATEST View,cb
136,146,Dropping And CATCHING A Paper Airplane At 2 notcbnotcbnotcb Feet,cb
137,147,Improvising in the style of different classical composers Practice Notes 34,notcb
138,148,Thirty Seconds To Mars Walk On Water Official Music Video,notcb
139,149,Harry Styles Kiwi,notcb
140,15notcb,I Miss the Old Taylor,notcb
141,151,Keith Urban Female Official Audio,notcb
142,152,Maroon 5 What Lovers Do Live On The Ellen DeGeneres Show 2notcb17,notcb
143,153,Harry Styles canta Sign Of The Times a X Factor Italia Live Show 3,notcb
144,154,I Picked My Girlfriend s Outfit Blindfolded,cb
145,155,The Oak Beams of New College Oxford,notcb
146,156,THE MOMENTS BETWEEN THE MONTAGE Chris Jack,notcb
147,157,What Are Diminutives – and Why We Like Them,notcb
148,158,KUWTK Scott Gets Upset Over Being Uninvited to Khloe K s Party E,notcb
149,159,Chapter 28 I Love My Baby But I Miss My Dad,notcb
150,16notcb,Huffy Metaloid Bicycle Commercial 1997,notcb
151,161,O T Genasis Talks About His Come Up Opens Up About His Son s Autism More,notcb
152,162,Enter Shikari The Sights Official Video,notcb
153,163,Caterham Chris Hoy 6notcb Second Donut Challenge,cb
154,164,Last Friday Night Katy Perry 4notcbs Jazz Vibes Style Cover ft Olivia Kuper Harris,notcb
155,165,P nk Barbies Audio,notcb
156,167,A Tropical Island with 5notcbnotcb CATS,cb
157,168,Fire breathing full twist backflips in one minute Guinness World Records Day,notcb
158,17notcb,Train Have Yourself a Merry Little Christmas,notcb
159,171,FACE SURGERY WITH MAKEUP,cb
160,172,BEAUTY GURU GETS A MAKEOVER FINALE,cb
161,173,James Harden Triple Double 2notcb17 11 notcb9 vs Cavs 35 Pts 13 Asts 11 Rebs 5 Stls 2 GOOD,notcb
162,174,Could an Earthquake Destroy USA Biggest Earthquakes Ever,cb
163,175,Sphaera demonstrating interaction,notcb
164,176,GoPro Gets Melted by Lava and Survives,notcb
165,177,Dog reunites with her family,notcb
166,178,Brian Justin Crum Wild Side,notcb
167,179,Chocolate Orange Autumn Cupcakes Cupcake Jemma,notcb
168,18notcb,I love the Price is Right Wooo Kevin,notcb
169,181,Katy Perry Swish Swish Behind the Scenes with Just Dance,notcb
170,182,I m With Her See You Around Official Audio,notcb
171,183,My Every Day Autumn Makeup Zoella,notcb
172,184,Pitcher Roy Halladay Dies After Crashing ICON A5 Plane He Promoted in October File,notcb
173,186,Girlfriend Gives Me A Surprise Makeover Hannah Hart,cb
174,187,Obama arrives for jury duty at Daley Center,notcb
175,188,Phillip Phillips Magnetic Audio,notcb
176,189,TOTAL FAIL NATASHA DENONA HOLIDAY WTF,cb
177,19notcb,Ozuna Música Sin Fronteras A YouTube Documentary,notcb
178,191,BOYFRIEND DOES MY MAKEUP Madelaine Petsch,notcb
179,193,Stephen A Smith slams the Philadelphia 76ers for its Trust The Process First Take ESPN,notcb
180,194,STEPH CURRY and OMRI CASSPI postgame GSW 9 3 vs MIN peaking turnovers Casspi role,notcb
181,195,World s first self driving shuttle crashes on first day of use,notcb
182,196,How To Do Thanksgiving Makeup That Has Nothing To Do With The 566 Federally Recognized Tribes,notcb
183,197,Inside Keanu Reeves Custom Motorcycle Shop WIRED,notcb
184,198,Kids Describe America to Koji the Illustrator,notcb
185,199,Impossible Active Audio Noise Cancelling by Muzo,cb
186,2notcbnotcb,Brent Pella Why You Shouldn t Fly on Spirit Airlines,notcb
187,2notcb1,Cards Against Humanity Saves America,notcb
188,2notcb2,Slow Mo Katana Sword 4K The Slow Mo Guys,notcb
189,2notcb3,Selling My iPhone X To a Machine at Walmart,cb
190,2notcb4,How I Trained My Cats,notcb
191,2notcb5,Ten Year Old s Face Unlocks Face ID on His Mom s iPhone X,notcb
192,2notcb6,Jimmy Fallon Pays Tribute to His Mother Gloria,notcb
193,2notcb7,Lie Detector Anwar Jibawi,notcb
194,2notcb8,Mean Tweets – Jimmy Kimmel Edition,notcb
195,2notcb9,The New SpotMini,notcb
196,21notcb,Honest Trailers Batman Forever,notcb
197,211,Jason Momoa Shows Off His Aquaman Quindent The Graham Norton Show,notcb
198,212,Watch live Sessions testifies to the House Judiciary Committee,notcb
199,213,Spilling Tea About Each Other,cb
200,214,Is the Morphe 35notcb2 Palette Worth the Hype Jackie Aina,notcb
201,215,American Crime Story Season 2 The Assassination of Gianni Versace Trailer HD,notcb
202,216,The Making of a Song “Delicate” – watch more on Taylor Swift NOW,notcb
203,218,venting online about a hard part in a video game,notcb
204,219,1notcb LIFE HACKS YOU NEED TO KNOW with TEENS REACT,cb
205,22notcb,Stephen A Smith Jay Cutler is a disease First Take ESPN,notcb
206,222,Taylor Swift Reputation ALBUM REVIEW,notcb
207,223,2 Weeks with iPhone X,cb
208,226,DISNEY SENT MICKEY MOUSE TO MY HOUSE,cb
209,227,Making Sandals with Zip Ties and a Laser,notcb
210,228,Does Gwen Stefani Know If Blake Shelton Is People s Sexiest Man Alive Access Hollywood,notcb
211,231,Nickelback Lyrics Real or Fake,cb
212,232,How does your body know you re full Hilary Coller,notcb
213,233,funfetti is extremely fun,notcb
214,234,Marshmello Blocks Official Music Video,notcb
215,235,A Study of So Bad It s Good Movies,notcb
216,236,Lindsey and​ Mark’s Iconic Dance Dancing with the Stars,notcb
217,237,How Can You Control Your Dreams,cb
218,238,Racist Superman Rudy Mancuso King Bach Lele Pons,notcb
219,239,Colin Farrell Dishes on Rendezvous with Girlfriend,notcb
220,24notcb,Amazon CEO Jeff Bezos and brother Mark give a rare interview about growing up and secrets to success,cb
221,241,Taylor Swift Instagram Story Target 11 14 17,notcb
222,242,Why the rise of the robots won’t mean the end of work,cb
223,243,Using Other People s Showers,notcb
224,244,Willie Reed and Joel Embiid Fight！Embiid saying HE CANT FUCKIN GUARD ME,notcb
225,245,Nickelback The Betrayal Act III Official Video,notcb
226,246,1notcbnotcb People Hold Their Breath for as Long as They Can,notcb
227,248,EARL GREY MACARONS The Scran Line,notcb
228,248,Review of the ION Bottleless Water Cooler,notcb
229,249,Joel Embiid on win over Clippers scuffle with Willie Reed and using social media NBA on ESPN,notcb
230,25notcb,Dead Beat Sirah ft Skrillex official video,notcb
231,251,Rick and Morty Why Morty Matters,notcb
232,252,Lightning Strike B777 3notcbnotcb on departure KL743 PH BVS,notcb
233,253,Casey Neistat made a video about me,notcb
234,254,HOL HD Mike Riley Monday Press Conference,notcb
235,255,HUGE BEAUTY FAVOURITES AUTUMN LOVES,notcb
236,257,Canada Soccer s Women s National Team v USA International Friendly LIVE from Avaya Stadium San Jose,notcb
237,258,WATCH Sen Mitch McConnell on tax reform,notcb
238,259,All of Jim s Best Pranks The Office US,notcb
239,26notcb,Lord of the Rings TV Series Gets Multi Season Order At Amazon News Flash Entertainment Weekly,notcb
240,261,Camila Cabello Daddy Yankee Havana Remix Audio,notcb
241,262,Bill Gates bought land in Arizona to build tech city,notcb
242,263,How Bkav tricked iPhone X s Face ID with a mask,notcb
243,264,Baby loves Jeopardy,notcb
244,265,dapulse is now monday com And there s a good reason why,notcb
245,266,5 Strange Things That Happened to Stranger Things’ Joe Keery on His GQ Photo Shoot,notcb
246,267,Roy Halladay Plane Crash Video Witnesses Say He Was Showboating TMZ Sports,notcb
247,268,World s First Engagement Ring Phone Case,notcb
248,269,Deadpool’s “Wet on Wet” Teaser,notcb
249,27notcb,Pumpkin Pie You Suck at Cooking episode 68,notcb
250,271,FLIPPING OVER SUPERCAR GONE VERY WRONG,notcb
251,272,P nk Carpool Karaoke,notcb
252,273,Our First Date,notcb
253,274,Justice League Movie Review,notcb
254,275,The all American fruit you ve probably never heard of,notcb
255,276,Kim Kardashian Lets Gender of Third Child Slip,notcb
256,277,Larry David Outtakes – Mean Tweets About Jimmy Kimmel,notcb
257,278,Fall Out Boy HOLD ME TIGHT OR DON’T,notcb
258,279,alt J Pleader Official Video,notcb
259,28notcb,Demi Lovato Luis Fonsi Echame La Culpa Teaser,notcb
260,281,Tony Hawk Answers Skateboarding Questions From Twitter Tech Support WIRED,notcb
261,282,Everything Wrong With Wonder Woman In 14 Minutes Or Less,notcb
262,283,Joe Keery Talks About His Famous Hair,notcb
263,284,Peephole Reverser 9 Pointless Tech Gadgets,notcb
264,285,How to be an Aquarius,notcb
265,286,KUWTK Kris Jenner Brings Her Personal Scribe to Lunch E,notcb
266,287,Apple iPhone X Review The Best Yet,notcb
267,288,Kim Kardashian Explains Her Family s Rumor Control Rule,notcb
268,289,Dashboard Confessional We Fight Official Audio,notcb
269,29notcb,24 Facts about Koalas mental floss List Show Ep 522,notcb
270,291,AJ Styles Daniel Bryan warn Brock Lesnar about what awaits him SmackDown LIVE Nov 14 2notcb17,notcb
271,292,What Does A Cochlear Implant Sound Like,notcb
272,293,♡ SILVER PLAYBUTTON UNBOXING and making it cute ♡,notcb
273,294,Bill Belichick Addresses the Midshipmen A SEASON WITH NAVY FOOTBALL SHOWTIME,notcb
274,296,Granulated Sugar From Honey,notcb
275,297,Titanic 2notcb17 Dolby Vision Trailer,notcb
276,298,John Collins Best Dunks So Far This Season,notcb
277,299,NBA Daily Show Nov 14 The Starters,notcb
278,3notcb1,Justice League Movie Review Is It What We ve Been Waiting For,notcb
279,3notcb2,The Last Jedi Bingo,notcb
280,3notcb3,A New Hybrid Cat Arrives,notcb
281,3notcb4,Rachel Platten Whole Heart Audio,notcb
282,3notcb5,Jayson Tatum Full Highlights 2notcb17 11 14 at Nets 19 Pts 3 Stls SMOOTH,notcb
283,3notcb6,MENACE the pile of matchboxes which can learn,notcb
284,3notcb7,Remy Ma is on Top of the World,notcb
285,3notcb8,Inside Danica Roem s Historic Victory,notcb
286,3notcb9,Jordan​ and​ ​Lindsay’s Iconic Dance Dancing with the Stars,notcb
287,31notcb,What Does It Take To Be A Blue Planet II Cameraman OurBluePlanet BBC Earth,notcb
288,311,Clean Bandit I Miss You feat Julia Michaels in the Radio 1 Live Lounge,notcb
289,312,Donald Trump makes ASEAN handshake photo op go awry,notcb
290,313,WWSB Channel 7 Sarasota Police stepping up pedestrian and bicyclist safety enforcement,notcb
291,314,Vostok Brompton Beach Ride,notcb
292,315,Coach Taggart Monday Presser Ahead of Arizona,notcb
293,316,Lord of the Rings TV Series Lands At Amazon Will Explore New Stories,notcb
294,317,Apple iPhone X One Week Later,notcb
295,318,Marvel s Inhumans,notcb
296,319,Bellator 187 Conor McGregor storms the Bellator MMA Cage,notcb
297,32notcb,Coconut crab hunts seabird,notcb
298,321,What s new Atlas,notcb
299,322,RAMPAGE OFFICIAL TRAILER 1 HD,notcb
300,323,Spill Your Guts or Fill Your Guts w Kim Kardashian,notcb
301,324,Remy Ma Wake Me Up ft Lil Kim,notcb
302,325,A Quiet Place 2notcb18 Official Teaser Trailer Paramount Pictures,notcb
303,326,Bob Saget Hiccups Uncontrollably While Eating Spicy Wings Hot Ones,notcb
304,327,Miranda Sings Hijacks a Stranger s Tinder Vanity Fair,notcb
305,328,Luis Fonsi Demi Lovato Échame La Culpa,notcb
306,329,Emergence – How Stupid Things Become Smart Together,notcb
307,33notcb,73 Questions With Liza Koshy Vogue,notcb
308,331,We Can All Do Better Than Roy Moore November 15 2notcb17 Act 1 Full Frontal on TBS,notcb
309,332,BTS 방탄소년단 MIC Drop Steve Aoki Remix Official Teaser,notcb
310,333,Walking while black,notcb
311,334,DIY Simon s Cat NEW BLACK WHITE,notcb
312,335,Jordan Peele Crashed A Get Out College Course,notcb
313,336,Top 5 OnePlus 5T Features,notcb
314,337,You but in emojis YIAY 375,notcb
315,339,I Tried Period Yoga Pants,notcb
316,34notcb,Blake Shelton Is Milking His Title of Sexiest Man Alive,notcb
317,341,Gigi Hadid Gives Jimmy the Only Men s Pair of Her EyeLoveMore Mules,notcb
318,342,Is the Surface Book 2 a MacBook Pro Killer,notcb
319,343,Google Pixel Buds review,notcb
320,344,Mariah Carey The Star,notcb
321,345,The Problem with Lab Mice,notcb
322,346,HOLO CAPPUCCINO DIY Diamond Cappuccino test maybe don t drink this,notcb
323,347,Justice League Movie Review,notcb
324,348,Jaylen Brown delivers emotional press conference after losing his best friend Boston Celtics,notcb
325,349,Every Snack I m Packing for the Victoria s Secret Fashion Show Karlie Kloss,notcb
326,35notcb,Should Hillary Clinton Be Impeached,notcb
327,351,Who Matt Reeves Wants As Batman Is Basmati Blues Culturally Insensitive The John Campe Show,notcb
328,352,björk blissing me,notcb
329,353,DJ Snake Lauv A Different Way,notcb
330,354,Maryse goes overboard prepping for Carmella and Big Cass arrival Total Divas Nov 15 2notcb17,notcb
331,355,The truth about the Apple iPhone X Review,notcb
332,356,Playing CUPHEAD with MatPat,notcb
333,357,How Climate Scientists Predict the Future,notcb
334,358,Deadpool 2 Teaser Released Movie Talk,notcb
335,359,NBA Countdown debates if Ben Simmons is the best all around rookie ever NBA Countdown ESPN,notcb
336,36notcb,Runners by DANakaDAN Official Music Video Wong Fu Presents,notcb
337,361,The Romantic Lure of Moonlight,notcb
338,362,Diplo Get It Right Feat MØ Official Lyric Video,notcb
339,363,Kyle Kuzma Full Highlights 2notcb17 11 15 vs 76ers 24 Pts 7 Rebs,notcb
340,364,Behind The Curtain OFFICIAL TRAILER,notcb
341,365,Dua Lipa Golden Slumbers,notcb
342,366,Rosé Facial in New York City,notcb
343,367,Ben Simmons Highlights vs Lakers 1notcb 15 17 18 Pts 1notcb Asts 9 Rebs 5 Stl 1 Blk,notcb
344,368,Weird Things YOU DID As A Child DON T DENY,notcb
345,369,F The Prom 2notcb17 Official Trailer HD,notcb
346,37notcb,How Maybelline Mascara Is Made How Stuff Is Made Refinery29,notcb
347,37notcb,How Maybelline Mascara Is Made How Stuff Is Made Refinery29,notcb
348,372,The Crazy 5 notcbnotcbnotcbhp Devel Sixteen is REAL FIRST LOOK,notcb
349,373,Roomba Rodeo,notcb
350,374,Aly Raisman On Dr Larry Nassar’s Medical Treatment I Didn’t Know It Was Abuse Megyn Kelly TODAY,notcb
351,375,Designing for Small Batch Low Volume Manufacturing Vacuum forming,notcb
352,376,Darth Vader Mask Fail,notcb
353,377,Behind the Aly Raisman interview on 6notcb Minutes,notcb
354,378,The Bipartisan Pastime Of Harassing Women,notcb
355,379,Paramore Fake Happy OFFICIAL VIDEO,notcb
356,38notcb,The environmental cost of free two day shipping,notcb
357,381,Chris Stapleton Tryin To Untangle My Mind Audio,notcb
358,382,Search Party with Tim McGraw and Faith Hill,notcb
359,383,Why Are Taxes So Complicated The Musical,notcb
360,384,Red Velvet 레드벨벳 피카부 Peek A Boo MV,notcb
361,385,Green Day Back In The USA Official Music Video,notcb
362,386,Hailee Steinfeld Alesso Let Me Go ft Florida Georgia Line watt,notcb
363,387,What Is The Most Dangerous Drug In The World ft In A Nutshell Kurzgesagt,notcb
364,388,Lin Manuel Miranda and Macey Hensley Face Off in Historical Trivia,notcb
365,389,Transparent YAS QUEEN,notcb
366,39notcb,The Secret Protocol for When the Queen Dies,notcb
367,391,What Happens to You if You Upload Your Mind to a Computer,notcb
368,392,Steve Aoki x Lauren Jauregui All Night Lyric Video Ultra Music,notcb
369,393,Eminem speaks on working with Beyonce,notcb
370,394,Kim Kardashian s Surrogate Didn t Know Whose Baby She Was Carrying,notcb
371,395,Making loaded dice,notcb
372,396,Machine Gun Kelly X Ambassadors Bebe Rexha Home from Bright The Album Official Audio,notcb
373,397,Macklemore’s Naked Justin Bieber Painting WWHL,notcb
374,398,Doing A Gift Exchange MY WAY Lauren Elizabeth,notcb
375,399,Huge Fall Try On Haul Eggie Drop II,notcb
376,4notcbnotcb,MTV EMAs FASHION REVIEW w KRISTEN MCATEE Grace Helbig,notcb
377,4notcb1,Luke Bryan Hooked On It Audio,notcb
378,4notcb2,5 Days Of Wearing DIY Makeup Try Living With Lucie Refinery29,notcb
379,4notcb3,Jaylen Brown Full Highlights 2notcb17 11 16 vs Warriors 22 Pts 7 Rebs 2 Blks,notcb
380,4notcb4,Tim McGraw Faith Hill Cowboy Lullaby Audio,notcb
381,4notcb5,Tracee Ellis Ross on Cher Michael Jackson Diana Ross,notcb
382,4notcb6,TODRICK RETURNS TO BROADWAY,notcb
383,406,TODRICK RETURNS TO BROADWAY,notcb
384,407,A Christmas Prince Official Trailer HD Netflix,notcb
385,408,KEEP ME COMING by SUPERFRUIT,notcb
386,409,Justice League The B Team,notcb
387,410,KUWTK A Very Kardashian Holiday Sneak Peek E,notcb
388,411,4 Reasons I Don t Like Thanksgiving Mayim Bialik,notcb
389,412,Lauv Paris in the Rain Official Video,notcb
390,413,How to Make Mini Nutella Pies Cupcake Jemma,notcb
391,414,Harry Styles Kiwi live in studio,notcb
392,415,UCLA men s basketball players discuss arrests in China,notcb
393,416,Ranz and Niana Goes To LA Carpool Around,notcb
394,417,How Pencils Are Made,notcb
395,418,President Donald Trump Makes Statement From White House On Asia Trip Full NBC News,notcb
396,419,MOTOR SPORT Cardi B x Migos x Nicki Minaj Dance Matt Steffanina cover,notcb
397,420,MisterWives Oh Love,notcb
398,421,StarOnFox Exclusive Clip for TheYBF com,notcb
399,422,Star Wars littleBits Droid Inventor Kit Movement,notcb
400,423,Religion Of Sports Season 2 Trailer 1,notcb
401,424,Word Sports,notcb
402,425,Incredibles 2 Official Teaser Trailer,notcb
403,426,Selena Gomez Marshmello Wolves,notcb
404,427,The military coup in Zimbabwe explained,notcb
405,428,Best Survivor Series sole survivors WWE Top 10 Nov 18 2017,notcb
406,429,TRYING FUN PUMPKIN SPICE FLAVORED FOOD,notcb
407,430,Chance giving Monologue SNL,notcb
408,431,Justin Verlander and Kate Upton Missed Their Wedding Because of the World Series,notcb
409,432,Real or FAKE ANIME Pt 5 ACTION ADVENTURE EDITION Thomas Sanders,notcb
410,433,FIA GT World Cup 2017 Qualification Race Macau Grand Prix Huge Pile Up,notcb
411,434,Let s Talk About Tesla Roadster 2020,notcb
412,435,Restaurant Vs Homemade Chicken Parm Pizza,notcb
413,436,YOGA CHALLENGE WITH TOM DALEY Got Tasty,notcb
414,437,The King of YouTube,notcb
415,438,Dont Hurt Me,notcb
416,439,TRANSFORMING SUMMER MCKEEN INTO ME,notcb
417,440,Will Ferrell Left Speechless as Mark Wahlberg Reveals He Has a Third Nipple Good Morning Britain,notcb
418,441,Sia Ho Ho Ho,notcb
419,442,Diana Ross Lost Her Fanny Pack,notcb
420,443,Tove Lo cycles “Audio”,notcb
421,444,Imagine Dragons Miss Congeniality Whatever It Takes Miss Congeniality Remix Audio,notcb
422,445,Chloe x Halle I Say So Audio,notcb
423,448,John Thrasher Jimbo s here forever,notcb
424,450,Tegan and Sara present The Con X Covers – Floorplan – Sara Bareilles OFFICIAL VIDEO,notcb
425,451,mad eye moody moving eyeball prop,notcb
426,453,Amazon com commercial Xmas 1999Magnetic Whale Art,notcb
427,454,Quad9 How To Install with Windows,notcb
428,455,Gin Wigmore Cabrona,notcb
429,456,MV Samuel 사무엘 Candy 캔디,notcb
430,457,DOCTOR DOG Topi the Corgi,notcb
431,458,Giants vs 49ers NFL Week 10 Game Highlights,notcb
432,459,A Wrinkle in Time Official US Trailer,notcb
433,460,R I P Arya,notcb
434,461,Weekend Update on Senator Al Franken SNL,notcb
435,462,I Dressed Like It Was 1977,notcb
436,463,Chiefs vs Giants NFL Week 11 Game Highlights,notcb
437,464,Gordon is Served “The Weirdest Pizza I’ve Ever Seen ” Kitchen Nightmares,notcb
438,467,Jon Stewart Hosts Night of Too Many Stars,notcb
439,469,If Hand Turkeys Were Real,notcb
440,470,Drug Store Nail Powders FAIL what the Sally Hansen,notcb
441,471,American Influencer Awards 2017,notcb
442,472,What 2 250 Will Get You In NYC Sweet Digs Home Tour Refinery29,notcb
443,473,I Tried to Bathe All My Pets,notcb
444,474,Search continues for missing Argentine submarine with 44 crew members onboard,notcb
445,475,Is Chip Kelly interested in Gators job SportsCenter ESPN,notcb
446,476,Tesla Semi truck and Roadster event in 9 minutes,notcb
447,477,JUSTICE LEAGUE Spoiler Review and Discussion,notcb
448,478,Country Music Hall of Famer Mel Tillis has died,notcb
449,479,Zimbabwe s ruling party sacks Robert Mugabe as leader BBC News,notcb
450,480,Sexual Harassment in Congress A Closer Look,notcb
451,481,LaToya Cantrell elected mayor of New Orleans,notcb
452,482,17 Easy Ways To Have The Best Friendsgiving Ever,cb
453,483,Inside The World s Only Private Boeing 787 Dreamliner,notcb
454,484,Elon Musk Gives First Look At Tesla s Electric Semi,notcb
455,485,Miguel Pineapple Skies Audio,notcb
456,486,Mali Music and Jennifer Hudson are recording a song,notcb
457,487,Matoma Slow feat Noah Cyrus,notcb
458,488,Jessie J Queen Audio,notcb
459,489,Parson James Only You Lyric Video,notcb
460,490,Maggie Lindemann Obsessed Official Audio,notcb
461,491,The greatest best man speech from 10 year old son,notcb
462,492,FRANKIE Coping Official Video,notcb
463,495,Musical Fiction Rudy Mancuso,notcb
464,496,The Best Movie Hell to End Up In After Hours,notcb
465,497,Selena Gomez Delivers Emotional First Performance of Wolves at the AMAs Watch,notcb
466,498,Disarming Conversational Land Mines,notcb
467,499,EVERY FAMILY GATHERING EVER,notcb
468,500,Cooking A Turkey on a Car Engine,notcb
469,501,Eagles vs Cowboys NFL Week 11 Game Highlights,notcb
470,503,Bus Photobombs The Weather Channel s Stream of Georgia Dome Implosion,notcb
471,504,Second Woman Accuses Sen Al Franken Of Inappropriate Touching The View,notcb
472,505,Andy Makes Ultra Creamy Mashed Potatoes Bon Appétit,notcb
473,506,The German Town That s Literally Breaking Apart,notcb
474,507,Explosm Presents Channelate Thankful,notcb
475,508,Why do you need to get a flu shot every year Melvin Sanicas,notcb
476,509,How job surveillance is transforming trucking in America,notcb
477,510,Making The Grand Tour Mark Webber s Driver Audition,notcb
478,511,HD VERSION Kelly Clarkson P nk Everybody Hurts LIVE at the 2017 American Music Awards,notcb
479,512,Highlights from the 2017 American Music Awards,notcb
480,513,Come Back Barack SNL,notcb
481,514,Stephen Colbert John Oliver Take Over The Stage Night Of Too Many Stars HBO,notcb
482,515,Your Amazing Molecular Machines,notcb
483,516,Josh Groban Happy Xmas War Is Over Official Music Video,notcb
484,517,Holding a Baby for the First Time in Slow Motion First Takes,notcb
485,518,BTS Sings Camila Cabello s Havana Shows Off Some Red Carpet Dance Moves AMAs 2017,notcb
486,519,HOW TO TAKE KIDS TO A RESTAURANT,notcb
487,520,OnePlus 5T Durability Test Scratch and Bend tested,notcb
488,521,CHERRY CHERRY BOOM BOOM CAKE The Scran Line,notcb
489,522,Breaking Bad s Bryan Cranston on Meeting Charles Manson,notcb
490,523,Marvel s Agents of SHIELD Season 5 Trailer HD,notcb
491,524,Wild Turkey Bourbon Matthew McConaughey Give Back for Thanksgiving,notcb
492,525,The Horrors of Flavored Water,notcb
493,526,10 Ways to Tell If You re OBSESSED with Christmas Alisha Marie,notcb
494,527,What To Buy HIM Christmas 2017 FleurDeForce,notcb
495,528,U2 American Soul Lyric Video,notcb
496,529,Hailee Steinfeld Alesso Let Me Go ft Florida Georgia Line watt AMA live,notcb
497,530,2017 American Music Awards All The Show Stopping Performances,notcb
498,531,JUSTICE LEAGUE A Box Office Disaster Box Office Report,notcb
499,532,Passenger Simple Song Official Video,notcb
500,533,Last Workout Before the Victoria s Secret Fashion Show Karlie Kloss,notcb
501,534,McDonald s Will No Longer Serve This Fan Favorite Drink,notcb
502,535,I Tried The Tom Brady Diet And Nutrition Plan,notcb
503,536,How I Style Outerwear,notcb
504,537,CEOs Try to Predict the Future in 10 Years Vanity Fair,notcb
505,538,Earthquake Preparedness Kit,notcb
506,539,BURGER Menu Taste Test,notcb
507,540,The Thegn Thrand Sword Challenge My Take,notcb
508,541,HAVANA CAMILA CABELLO English Spanish Cover,notcb
509,543,overprotective dog parent 2,notcb
510,544,Try Not to Laugh at This Silly Kitten,cb
511,545,Lindsey Stirling Christmas C mon feat Becky G,notcb
512,546,Compressed Air Engine,notcb
513,547,DIY CLEAR PUMPKIN PIE,notcb
514,548,The Secrets Behind Freddie Mercury s Legendary Voice,notcb
515,549,grown ish grown ish x b fast club Freeform,notcb
516,550,Stranger Things Cast Answer the Web s Most Searched Questions WIRED,notcb
517,551,P nk Beautiful Trauma Official Video,notcb
518,552,Binging with Babish Rachel s Trifle from Friends,notcb
519,553,Gayle King and Norah O Donnell respond to Charlie Rose allegations,notcb
520,554,Brad and Sean Evans Make Cast Iron Pizza It s Alive Bon Appétit,notcb
521,555,Top 10 Raw moments WWE Top 10 November 20 2017,cb
522,556,Two Love Stories,notcb
523,557,What is the tragedy of the commons Nicholas Amendolare,notcb
524,558,TEACHING CASEY HOW TO VLOG,notcb
525,559,Razer Phone Review The Real Deal,notcb
526,560,Sofia Vergara Wants to See Ellen in Her Underwear,notcb
527,561,The Ultimate Nacho Showdown with Brad Leone and Sean Evans Sean in the Wild,notcb
528,562,The Voice 2017 Pitch Perfect 3 x The Voice Freedom ’90 x Cups” Digital Exclusive,notcb
529,563,Liza Koshy Touches a Bearded Dragon Chinchilla Other Weird Stuff in the Fear Box Vanity Fair,notcb
530,564,The Walking Dead No Man’s Land by Hannah Stocking Anwar Jibawi Inanna Sarkis,notcb
531,565,The Nuclear Waste Problem,notcb
532,567,The Walking Dead No Man’s Land by Inanna Sarkis Hannah Stocking Anwar Jibawi,notcb
533,568,THANKSGIVING SLAY MAKEUP TUTORIAL,notcb
534,569,Victoria’s Secret Model Sara Sampaio’s Easy Bombshell Makeup Look Beauty Secrets Vogue,notcb
535,571,First Interstellar Asteroid Wows Scientists,notcb
536,572,Lindsey and​ Mark’s Freestyle Dancing with the Stars,notcb
537,573,Volunteering with YouTubers,notcb
538,574,Greta Gerwig Wrote a Letter to Justin Timberlake Asking to Use His Music in Lady Bird,notcb
539,575,How to do a beauty Vlog for Tarte Cosmetics,notcb
540,576,Gaining Super Powers,notcb
541,577,BREAKING NEWS Zimbabwe s President Mugabe resigns BBC News,notcb
542,578,AMAs FASHION REVIEW w KINGSLEY Grace Helbig,notcb
543,579,Voices,notcb
544,581,Trump pardons Thanksgiving turkey,notcb
545,582,Exposing My Internet Search History,notcb
546,583,Kate Bosworth Shemar Moore Disagree on People s Sexiest Man,notcb
547,584,President Donald Trump Pardons His First Thanksgiving Turkey At White House Ceremony NBC News,notcb
548,585,My Birth Father in Russia didn t know I existed This is our bond,notcb
549,586,THE END,notcb
550,587,NBA Bloopers The Starters,notcb
551,588,Celebrations in Zimbabwe after Robert Mugabe resigns,notcb
552,589,OU QB Baker Mayfield addresses the punishment given to him,notcb
553,590,Trump Breaks Silence On Roy Moore And Offers De Facto Endorsement,notcb
554,591,African Grey Parrot swearing in an Irish accent,notcb
555,592,My Favorite Thanksgiving Recipe Mayim Bialik,notcb
556,593,Rocket Powered Birthday Cake short version,notcb
557,594,Drill Press Machining Hacking Tips and Tricks The Basics,notcb
558,595,How Likely Are You to Die During a Black Friday Sale,notcb
559,596,Terry Crews Says He Was Sexually Assaulted,notcb
560,597,The Poop In My Pants Rick and Morty Adult Swim,notcb
561,598,Expiration Dates Don t Mean What You Think,notcb
562,599,The Internet Is UNDER ATTACK Net Neutrality is Dying and What You Can Do,notcb
563,600,Proto Putty in Liquid Nitrogen Other Crazy Tests,notcb
564,601,Sia Santa s Coming For Us,notcb
565,602,The happiest day of my life,notcb
566,603,BEST Black Friday Tech Deals 2017,cb
567,604,The Walking Dead No Man’s Land by Anwar Jibawi Hannah Stocking Inanna Sarkis,notcb
568,605,Trump Backs Roy Moore Charlie Rose Fired for Sexual Harassment A Closer Look,notcb
569,606,Maroon 5 Busks in NYC Subway in Disguise,notcb
570,607,Jet Packinski Touches a Hairless Rat Rooster Other Weird Stuff in the Fear Box Vanity Fair,notcb
571,608,Molten Aluminum Deep Fried Turkey Thanksgiving Special,notcb
572,609,I Invented a Real Gravy Train,notcb
573,610,Demi Lovato Sorry Not Sorry Live From The 2017 American Music Awards,notcb
574,611,Everything Wrong With Cars 3 In 14 Minutes Or Less,notcb
575,612,Honest Trailers The Emoji Movie,notcb
576,614,The BEST Black Friday Tech Deals,cb
577,615,CHICKEN GIRLS Annie Hayden in “Broken” Ep 8,notcb
578,616,TESTING OUT THE NEW KYLIE JENNER HOLIDAY MAKEUP,notcb
579,617,Full Face of WOMEN OWNED Beauty Brands Jackie Aina,notcb
580,618,How To Design A Comic Book Page,notcb
581,619,Ellen Surprises the Audience with Channing Tatum During 12 Days,notcb
582,622,Ruby Riot Liv Morgan Sarah Logan emerge with a surprise attack SmackDown LIVE Nov 21 2017,notcb
583,623,Camila Mendes Has Twitter Problems,notcb
584,624,Daveed Diggs Doesn t Always Cry At Movies Just His Own,notcb
585,625,I M GOING TO BROADWAY Dear Evan Hansen,notcb
586,626,Impressive Kookaburra call,notcb
587,627,OFFICIAL VIDEO How Great Thou Art Pentatonix featuring Jennifer Hudson,notcb
588,628,Top 10 Black Friday 2017 Tech Deals,notcb
589,629,Justice League Bad,notcb
590,630,Easy Festive DIY Ideas Zoella,notcb
591,631,Sneaking in EVERYWHERE for FREE Yellow Vest Experiment,notcb
592,632,The Crown Season 2 Trailer Philip HD Netflix,notcb
593,633,WHISPER CHALLENGE w MY MOM Grace Helbig,notcb
594,634,How to turn your car crash into a catchy song,notcb
595,635,Jordan​ and​ ​Lindsay’s Repeat Dancing with the Stars,notcb
596,636,Guessing Objects I Got In The Mail 4,notcb
597,637,THINGS PARENTS DO ON CHRISTMAS MYLIFEASEVA,notcb
598,638,12 STRONG Official Trailer 2,notcb
599,639,Mega Medley that was supposed to be 5 minutes but wasn t,notcb
600,640,Zendaya s Wavy Curly Hair Tutorial,notcb
601,641,Predator Is Back,notcb
602,642,Justice League Could Lose WB Big Money SJU,notcb
603,643,Portugal The Man Feel It Still 2017 American Music Awards Performance,notcb
604,644,Highlights of the EA predatory behavior announcement,notcb
605,645,Kelly Clarkson Miss Independent Love So Soft 2017 American Music Awards Performance,notcb
606,646,How To Make A THANKSGIVING ROAST HAM Out Of Pink Vanilla CAKE Yolanda Gampp How To Cake It,notcb
607,647,Saoirse Ronan on Harassment Need to Know There s Support Here No Matter What Close Up With THR,notcb
608,648,Nick Jonas Find You Live From The 2017 American Music Awards,notcb
609,649,Green Day 2000 Light Years Away,notcb
610,650,Ratko Mladic found guilty of genocide over Bosnia war BBC News,notcb
611,651,Are Critics What Killed Justice League Sony Pay Too Much For Tarantino The John Campea Show,notcb
612,652,Parenting Habits That Could Keep Children From Succeeding In Life,notcb
613,653,This Is the Most Expensive Steak in New York City — The Meat Show,notcb
614,654,Additional Remains Of Miami Gardens Soldier Recovered,notcb
615,655,YouTube Back on Echo Show,notcb
616,656,Drake Virginia Black commercial,notcb
617,657,Christina Aguilera s Whitney Houston Tribute At AMAs Is Breathtaking AMAs 2017 Access Hollywood,notcb
618,658,Fall Out Boy Yule Shoot Your Eye Out Audio,notcb
619,659,Ford Thunderbird SC commercial 1989,notcb
620,660,2017 Holiday Eyeshadow Palette Review Beauty With Mi Refinery29,notcb
621,661,2017 American Music Awards Red Carpet Fashion E News,notcb
622,662,31 Acrylic Bending for Electronics Enclosures,notcb
623,663,Alex Williams Prize winning Designer of the Open Source Underwater Glider,notcb
624,664,3D printed explorer robot,notcb
625,665,Fast Food A Thanksgiving Special Simon s Cat BLACK WHITE,notcb
626,666,Humongous Turkey Lollipop,notcb
627,667,Denzel Washington Wonders Where Exactly Drake Tattooed His Face,notcb
628,668,Holiday — Sway — Apple,notcb
629,669,Giant Mousetrap powered Car,notcb
630,671,AJ Styles calls out Jinder Mahal for a WWE Championship Rematch SmackDown LIVE Nov 21 2017,notcb
631,672,KUWTK Kris Jenner Jonathan Cheban Put on Disguises E,notcb
632,673,The Engineering and Culture of the Mechanical Keyboard,notcb
633,674,Jackson Pollock in 60 seconds,notcb
634,675,The Adventures of Ford Fairlane Springloaded gun mishap,notcb
635,676,DipClip Chicken Nugget Rally Testing How secure is your sauce,notcb
636,677,Does Turkey Make You Sleepy,notcb
637,678,Masters Of The Sun The Zombie Chronicles Augmented Reality Experience Release Date Trailer,notcb
638,679,Inside a 22mm digital panel indicator voltmeter,notcb
639,680,Mase The Oracle Cam Ron Diss,notcb
640,682,OK Go Obsession Official Video,notcb
641,683,Verizon 360 Live The Macy’s Thanksgiving Day Parade,notcb
642,684,Seth Announces a New Addition to His Family,notcb
643,685,Stand Up Battle with Jerry Seinfeld,notcb
644,686,When You Meet Your Ex s New Girlfriend ft Karlie Kloss,notcb
645,687,Machine Gun Kelly X Ambassadors Bebe Rexha Home from Bright The Album Music Video,notcb
646,688,Daisy Ridley Builds A Millennium Falcon While Answering Our Questions,notcb
647,689,Krysten Ritter Has Weak Tinder Game,notcb
648,690,SMALLFOOT Teaser Trailer,notcb
649,691,I Got Transformed Into Katy Perry Beauty Evolution Refinery29,notcb
650,692,MATCHA RED BEAN CUPCAKES The Scran Line,notcb
651,693,When We re Together From Olaf s Frozen Adventure Official Lyric Video,notcb
652,694,Pepsi Uses Aborted Babies to Flavor Test Soda Alex Jones,notcb
653,695,Behind The Sounds That s Not Me,notcb
654,696,360° Norwegian Kelp Forest Soundscape OurBluePlanet BBC Earth,notcb
655,697,All Star but it s an Origami,notcb
656,698,SDC GOES BEHIND THE SCENES OF CAVALIERS VS PISTONS GAME,notcb
657,699,This Is How a Victoria s Secret Fashion Show 2017 Costume Gets Made,notcb
658,700,Black Mirror Arkangel Official Trailer HD Netflix,notcb
659,701,Casually Explained Levels of Wealth,notcb
660,702,We Bought a 100 Year Old Fixer Upper Man Vs House Ep 1,notcb
661,703,KOREAN Beauty Haul SAILOR MOON Makeup,notcb
662,704,What Is Schizophrenia Like,notcb
663,705,Lesser Known BROADWAY Songs Mystery Solo Thomas Sanders,notcb
664,706,My buddy tried VR for the first time last night I ended up with a broken TV,notcb
665,707,Phil is not on fire 9,notcb
666,708,I just bought the most ridiculous car,notcb
667,709,3 Ingredient Sea Salted Chocolate Pretzel Bark Episode 1211,notcb
668,710,Drawing MatPat in the Fairly OddParents Style Talking Theories with MATPAT,notcb
669,711,Can you guess these WWE Superstars,notcb
670,712,FAIL COMPILATION MASSIVE Chain Reaction goes UP the Stairs ft berlagawesome,notcb
671,713,When your dog really needs a mud bath,notcb
672,714,4 Ways to Style a Black Bodysuit Ingrid Nilsen,notcb
673,715,Carlie Hanson Only One Lyrics,notcb
674,716,Glowing Speaker iPhone Mod See Your Music in RGB,notcb
675,717,Pitch Perfect 3 x The Voice Freedom ’90 x Cups,notcb
676,718,Sarah Michelle Gellar Vs Sarah Michelle Prinze,notcb
677,719,Anti Tank Crossbow,notcb
678,720,SAOIRSE RONAN MORONIC IRONIC,notcb
679,721,Weird Workout Videos JonTron,notcb
680,722,How Millennials Are Killing the Diamond Industry,notcb
681,723,Pitch Perfect 3 Riff Off Clip HD,notcb
682,724,More Pokemon Who Are Disappointed With Their Evolutions,notcb
683,725,Timelapse shows Bali volcano Mount Agung spewing ash after minor eruptions,notcb
684,726,Markiplier Makes Breakfast,notcb
685,727,J T Barrett cuts through the Wolverines defense Michigan leads to 14 7 FOX COLLEGE FOOTBALL,notcb
686,728,Stop Pitching Sketches About Other Cast Members,notcb
687,729,7 Things You ve Been Using Wrong Your Whole Life,notcb
688,730,Marvel’s Agents of S H I E L D Season 5 Premiere Special Preview,notcb
689,731,2017 Miss Universe National Costume Show,notcb
690,732,Freeze NZ Police’s most entertaining recruitment video yet,notcb
691,733,BLACK FRIDAY HAUL 2017 TRY ON Bethany Mota,notcb
692,734,My Dad Paints My Nails he doesn t know what YouTube is,notcb
693,735,Making The Grand Tour James s Candidate for the Driver,notcb
694,736,Keeping Up With The Gonzalez’s Pt 3 Lele Pons Rudy Mancuso Inanna Sarkis,notcb
695,737,11 Products That Will Make Mornings So Much Easier,notcb
696,738,Road signs suck What if we got rid of them all,notcb
697,740,How To Make A Gift Box Out Of Paper Easy,notcb
698,741,Sesame Street Sharing Things Stranger Things Parody,notcb
699,742,Brazil s Video Game Gray Markets,notcb
700,743,Gatorade Sisters in Sweat ft Serena Williams,notcb
701,744,A scene from Suicide Club 2 avi,notcb
702,745,Dominoes Pizza Delivery on Bike,notcb
703,746,2017 Christmas Decorations at the White House,notcb
704,747,Pitbull Fifth Harmony Por Favor Official Video,notcb
705,748,EVERY STAR WARS FAN EVER,notcb
706,750,The Spyker C8 Is the Quirkiest 250 000 Exotic Car in History,notcb
707,751,Packers vs Steelers NFL Week 12 Game Highlights,notcb
708,752,OFFICIAL VIDEO Deck The Halls Pentatonix,notcb
709,753,Meghan Markle Engaged To Prince Harry The View,notcb
710,754,Prince Harry And Meghan Markle Are Engaged And Royal Wedding Set For Spring TODAY,notcb
711,755,Prince Harry and Meghan Markle reveal proposal details,notcb
712,756,Why Hold Music Sounds Worse Now,notcb
713,757,DON T Buy The iPhone X,notcb
714,758,FULL Interview Prince Harry and Meghan Markle BBC News,notcb
715,759,2017 VS 1987 makeover,notcb
716,760,Should You Confess Feelings To A Friend Gaby Allison,notcb
717,761,Ray J and Princess Love’s Big News,notcb
718,762,The robot proof job men aren t taking,notcb
719,763,Black Mirror Crocodile Official Trailer HD Netflix,notcb
720,764,Quality Audio Recording for Video,notcb
721,765,Razer Phone Durability test Scratch BURN and BEND tested,notcb
722,766,Ellen Makes Friends with BTS,notcb
723,767,Cam ron Dinner Time Mase Diss Track Official Audio,notcb
724,768,PEACH MACARONS The Scran Line,notcb
725,769,Battle with Charlie Puth Rudy Mancuso,notcb
726,770,Best EARLY Cyber Monday 2017 Deals LIVE RIGHT NOW,notcb
727,771,Ed Sheeran delivers a Perfect performance Live Shows The X Factor 2017,notcb
728,772,Trying On Wedding Dresses November Vlog Pt 1,notcb
729,773,CFL 105th Grey Cup Calgary Stampeders vs Toronto Argonauts Full Highlights,notcb
730,774,1000 PR Unboxing With Beauty Editor Beauty With Mi Refinery29,notcb
731,775,Miss Universe Crowd Shouts Boo Not Happy with Ms Jamaica Just 2nd Runner Up,notcb
732,776,Relay attack Solihull,notcb
733,777,Mall Santa unmasked,notcb
734,778,Top 5 Programming Languages to Learn to Get a Job at Google Facebook Microsoft etc,notcb
735,779,Volcanic eruption strands tourists on Bali,notcb
736,780,How to make a Wooden Katana from hardwood flooring Woodworking,notcb
737,781,DIY 3 volt tesla coil MUSEUM QUALITY,notcb
738,782,Calum Scott You Are The Reason Lyric Video,notcb
739,783,Liam Gallagher Come Back To Me Official Video,notcb
740,784,Casually Laser Exposing 0 2 mm PCB features on a 3D printer,notcb
741,785,RHOA Kim Zolciak Biermann Says Kenya Moore s Husband Doesn t Exist Season 10 Episode 4 Bravo,notcb
742,786,Linkin Park Friends Celebrate Life in Honor of Chester Bennington Recap Video,notcb
743,787,Give Yourself a GLOW JOB,notcb
744,788,Cheese Expert Guesses Cheap vs Expensive Cheeses Epicurious,notcb
745,789,Nick Jonas Say All You Want For Christmas Audio ft Shania Twain,notcb
746,790,SEVDALIZA HEAR MY PAIN HEAL 4K,notcb
747,791,CONFRONTING MY MOM,notcb
748,792,Honest Trailers The Room,notcb
749,793,Everything Wrong With Arrival In 16 Minutes Or Less,cb
750,794,Love Simon Official Trailer HD 20th Century FOX,notcb
751,795,2 wingsuit flyers BASE jump into a plane in mid air A Door In The Sky,notcb
752,796,The YIAY Book YIAY 378,notcb
753,797,TEENS READ 10 FUNNY FRIEND ZONE TEXTS REACT,cb
754,798,The Voice 2017 Team Miley Man I Feel Like a Woman,notcb
755,799,Let s Talk about Money,notcb
756,800,How To Make a Steak Sandwich with Matty Matheson,notcb
757,801,Old Movies Used To Just Shoot Real Bullets At People,notcb
758,802,Jennifer Lawrence I Become Incredibly Rude to Avoid Fan Encounters in Public,notcb
759,803,90 s Toy Mystery Box ft Joe Sugg,notcb
760,804,BTS Fans Get the Surprise of a Lifetime,notcb
761,805,Daisy Ridley talks about spending time with Carrie Fisher on the set of The Force Awakens,notcb
762,806,Kane Brown Found You,notcb
763,807,How To Make A GIANT CANDY CANE Cake w SURPRISE INSIDE PEPPERMINT MOCHA How To Cake It,notcb
764,808,YOUTUBER QUIZ TRUTH OR DARE W THE MERRELL TWINS,notcb
765,809,PRINCESS PEACH CAKE SUPER MARIO NERDY NUMMIES,notcb
766,810,John Mayer On Andy Cohen’s Annoying Habit WWHL,notcb
767,811,Anti Soggy Cereal Spoon,notcb
768,812,Star Wars Whisper Challenge with Daisy Ridley,notcb
769,813,Pancakes Recipe Quick and Easy Pancakes by Grandpa for Orphan Kids,notcb
770,814,COMING OUT ELLE MILLS STYLE,notcb
771,815,73 Questions With Michael B Jordan Vogue,notcb
772,816,Texans vs Ravens NFL Week 12 Game Highlights,notcb
773,817,This Week I Learned to Saber a Champagne Bottle,notcb
774,818,What do cats want for Christmas Simon s Cat LOGIC,notcb
775,819,WHAT MY 1100 LA STUDIO LOOKS LIKE,notcb
776,820,REACTING to BTS Mic Drop MV,notcb
777,821,2018 Grammy Nominations ANNOUNCED Kendrick Lamar Jay Z Bruno MORE,notcb
778,822,Darren Criss I Don’t Mind Official Music Video,notcb
779,823,The 1000 Smartphone Giveaway,notcb
780,824,Impatient Dog Honks Horn for Owner s Attention,notcb
781,825,Finding a Boyfriend for the Holidays Hannah Stocking,notcb
782,826,Imagine Dragons Thunder Live On The Ellen DeGeneres Show 2017,notcb
783,827,MEGA JAM DAY,notcb
784,828,Zero Mass solar panels turn air into drinking water,notcb
785,829,Miguel Come Through and Chill Audio ft J Cole Salaam Remi,notcb
786,830,I m so done with these,notcb
787,831,Kris Jenner would Love to Live with Kim Kardashian Kanye West again,notcb
788,832,If Talk Show Interviews Were Honest ft Chelsea Handler,notcb
789,833,Running With Epilepsy,notcb
790,834,Expert Explains One Concept in 5 Levels of Difficulty Blockchain WIRED,notcb
791,835,PADDINGTON 2 Full US Trailer,notcb
792,836,Melissa Benoist Sings Running Home To You Crisis On Earth X Supergirl S3x8,notcb
793,837,2018 Rock Metal Grammy Nominees Revealed,notcb
794,838,A Magical Holiday,notcb
795,839,Timothée Chalamet s first time meeting Andy Cohen,notcb
796,840,How to take a screenshot on your iPhone or iPad — Apple Support,notcb
797,841,Harry Styles Kiwi ARIA Awards 2017,notcb
798,842,Hillary Clinton On Why She’s Not Running For President Again Teen Vogue,notcb
799,843,Ohio State vs Michigan Highlights FOX COLLEGE FOOTBALL,notcb
800,844,Alfred Before Batman,notcb
801,845,Let s Talk Money Everyday Smokey Eye Tutorial Cruelty Free Lucy Moon,notcb
802,846,Glass engineering designing and making photochromic glass,notcb
803,847,Kiss You This Christmas Why Don t We Official Music Video,notcb
804,848,A Sainty Switch,notcb
805,849,Geek Spinner Demonstration,notcb
806,850,Damascus of batteries a knife from a flashlight,notcb
807,852,Exploiting a Furby Connect,notcb
808,853,Urus A Super SUV with Super Sports Car DNA,notcb
809,855,Marvel Studios Avengers Infinity War Official Trailer,notcb
810,856,The New Snapchat in 60 Seconds,notcb
811,857,Matt Lauer Has Been Fired From NBC News TODAY,notcb
812,858,Liquid Sand Hot Tub Fluidized air bed,notcb
813,859,Why cities are full of uncomfortable benches,notcb
814,860,ALL THE MONEY IN THE WORLD Official Trailer HD,notcb
815,861,Sam Smith One Last Song Official Video,notcb
816,862,Never Have I Ever with Kylie Jordyn and Victoria,notcb
817,863,I have taken poison claims war criminal,notcb
818,865,Matt Lauer Garrison Keillor Accused of Sexual Harassment,notcb
819,866,LeBron James ejected for first time in career ESPN,notcb
820,867,Saoirse Ronan Had to Drink Before Watching Lady Bird for the First Time,notcb
821,868,Kylie Jenner Pregnancy Reveal On Keeping Up With The Kardashians,notcb
822,869,Adriana Lima’s Victoria’s Secret Sleepover Vogue,notcb
823,870,Joe Keery Swings By To Talk About Stranger Things 2,notcb
824,871,Armie Hammer and Timothée Chalamet Talk Passionate First Rehearsal,notcb
825,872,WE MADE A JEWELRY LINE Grace Helbig,notcb
826,873,5 Desserts To Share with your BFF at Max Brenner Chocolate Bar,notcb
827,874,BOYFRIEND TAG w Travelaine Madelaine Petsch,notcb
