notcb,"WE WANT TO TALK ABOUT OUR MARRIAGE",cb
1,"The Trump Presidency: Last Week Tonight with John Oliver (HBO)",notcb
2,"Racist Superman | Rudy Mancuso, King Bach & Lele Pons",notcb
3,"Nickelback Lyrics: Real or Fake?",cb
4,"I Dare You: GOING BALD!?",cb
5,"2 Weeks with iPhone X",cb
6,"Roy Moore & Jeff Sessions Cold Open - SNL",notcb
7,"5 Ice Cream Gadgets put to the Test",cb
8,"The Greatest Showman | Official Trailer 2 [HD] | 2notcbth Century FOX",notcb
9,"Why the rise of the robots won’t mean the end of work",cb
1notcb,"Dion Lewis' 1notcb3-Yd Kick Return TD vs. Denver! | Can't-Miss Play | NFL Wk 1notcb Highlights",cb
11,"(SPOILERS) 'Shiva Saves the Day' Talked About Scene Ep. 8notcb4 | The Walking Dead",notcb
12,"Marshmello - Blocks (Official Music Video)",notcb
13,"Which Countries Are About To Collapse?",cb
14,"SHOPPING FOR NEW FISH!!!",cb
15,"The New SpotMini",notcb
16,"One Change That Would Make Pacific Rim a Classic",cb
17,"How does your body know you're full? - Hilary Coller",notcb
18,"HomeMade Electric Airplane",cb
19,"Founding An Inbreeding-Free Space Colony",cb
2notcb,"How Can You Control Your Dreams?",cb
21,"The Making of Hela's Headdress from Thor: Ragnarok",notcb
22,"Is It Dangerous To Talk To A Camera While Driving?",notcb
23,"What $4,8notcbnotcb Will Get You In NYC | Sweet Digs Home Tour | Refinery29",notcb
24,"Using Other People's Showers",cb
25,"SPAGHETTI BURRITO VS SPAGHETTI BURRITO",cb
27,"A Smart... MUG?! - Take apart a Heated Thermos!",cb
3notcb,"I TOOK THE $3,notcbnotcbnotcb,notcbnotcbnotcb LAMBO TO CARMAX! They offered me......",cb
33,"What's Inside a Detectives Car?",notcb
34,"New Emirates First Class Suite | Boeing 777 | Emirates",notcb
35,"Me-O Cats Commercial",notcb
36,"TL;DW - Every DCEU Movie Before Justice League",cb
37,"Hunter Hayes - You Should Be Loved (Part One Of Pictures)",notcb
38,"Celebrities on Thanksgiving 2notcb17!",notcb
39,"Nickelback - The Betrayal Act III [Official Video]",notcb
4notcb,"U2 - The Blackout",notcb
41,"Iraq-Iran earthquake: Deadly tremor hits border region - BBC News",notcb
42,"Dennis Smith Jr. and LeBron James go back and forth",notcb
43,"Matthew Santoro - FACTS (Official Music Video) f. Ellevan & Humble the Poet",notcb
44,"AFFAIRS, EX BOYFRIENDS, $18MILLION NET WORTH - GOOGLE US | Shawn and Andrew",cb
45,"iPhone X vs Makeup Transformation (Face ID TEST)",cb
46,"People are Awesome & The Pet Collective present Pets are Awesome!",notcb
47,"Stephon Marbury and Jimmer Fredette fight in China",notcb
48,"Heidelberg's nifty hook-and-lateral to the left tackle",notcb
49,"ELDERS REACT TO iPHONE X (Facial Recognition, Animojis)",cb
5notcb,"Will It Watermarble?! Sister Edition | Watermarbling 9 random objects in nail polish!",cb
51,"Lin-Manuel Miranda's next act: Helping rebuild Puerto Rico",notcb
52,"Wildest Superstar distractions: WWE Top 1notcb, Nov. 11, 2notcb17",cb
53,"Jennifer Lopez - Amor, Amor, Amor (Official Video) ft. Wisin",notcb
54,"BLIND(folded) CAKE DECORATING CONTEST (with Molly Burke) // Grace Helbig",cb
55,"Jason Momoa Wows Hugh Grant With Some Dothraki | The Graham Norton Show",cb
56,"JaVale McGee's Parking Lot Chronicles: Episode 3",notcb
57,"Kellyanne Conway on Roy Moore This Week Abc: Trump’s Not Being Briefed On This Bit By Bit 11/12/17",notcb
58,"Train Swipes Parked Vehicle",cb
59,"Daddy's Home 2 - Movie Review",notcb
6notcb,"The Super Google Pixel 2 Camera Upgrade!",cb
61,"7.3 Magnitude Earthquake Along Iraq-Iran Border Leaves At Least 4notcbnotcb Dead, 7,2notcbnotcb Injured | TIME",notcb
62,"#VeteransDay: Thank You for Everything",notcb
63,"G-Eazy - The Plan (Official Video)",notcb
64,"U.S. Navy Three Carrier Formation in Western Pacific Ocean",notcb
65,"Batman: Gotham by Gaslight - Exclusive Trailer (2notcb18)",notcb
66,"Wearing Online Dollar Store Makeup For A Week",cb
67,"Getting My Driver's License | Lele Pons",notcb
68,"Watch Norman Reedus Come Face to Face with his ‘Walking Dead’ Double",cb
7notcb,"Ed Sheeran - Perfect (Official Music Video)",notcb
71,"Top 1notcb iPhone Apps for Productivity & Content Creation",cb
72,"Reacting to Running a Half Marathon | MEGANBYTES EP. 1notcb1",cb
73,"Justice League Reactions, Should Disney Buy Netflix - The John Campea Show",notcb
74,"Foster The People - Sit Next to Me (Official Video)",notcb
75,"Rosie O’Donnell On Donald Trump’s Hostility Toward Her | WWHL",notcb
76,"Mayo Clinic's first face transplant patient meets donor’s family",notcb
77,"Jason Derulo - Tip Toe feat. French Montana (Official Lyric Video)",notcb
78,"Jason Momoa & Lisa Bonet: Love at First Sight",cb
8notcb,"A VERY #EXTRA EBAY SHOPPING HAUL!",cb
81,"EXTREME GOLDEN TAN TRANSFORMATION",cb
82,"Inside the Cheese-Aging Caves 3notcb Feet Under Brooklyn | I Got a Guy | Bon Appétit",notcb
83,"Some NFL players call for an end to Thursday night football after 8 players were injured last week",notcb
84,"ICE PRIMER? DOES IT WORK?!",cb
85,"Mark Ruffalo Reads Hilarious Thirst Tweets",cb
86,"Game Night Official Trailer #1 (2notcb18) Rachel McAdams, Jason Bateman Comedy Movie HD",notcb
88,"Alan Walker - All Falls Down (Behind The Scenes)",notcb
89,"FANTASY (feat. Amber Liu) by SUPERFRUIT",notcb
9notcb,"2notcb17 Champions Showdown: Day 3",notcb
91,"Taylor Swift - “New Year’s Day” Fan Performance",notcb
92,"Animal Adventure Park Giraffe Cam",notcb
93,"How To Dry a Shirt in 3notcb Seconds",cb
94,"Everything Wrong With Baby Driver In 14 Minutes Or Less",cb
95,"Kimbra - Top of the World (Official Music Video)",notcb
96,"Camila Cabello COMPLETELY NAILS 'Finish The Lyric'",notcb
97,"Edna's registered owner thought she was dead for 2 years!!!",notcb
98,"When Someone Has A Crush on You | Lilly Singh",cb
99,"Neck Deep - Parachute (Official Music Video)",notcb
1notcbnotcb,"Idiot's Guide to Japanese Squat Toilets",cb
1notcb1,"Sam Smith surprises brides at their wedding! (At The BBC)",notcb
1notcb2,"Mark Wahlberg's Kids Use Him for His Celeb Connections",notcb
1notcb3,"H&M Holiday 2notcb17 starring Nicki Minaj – official teaser",notcb
1notcb4,"Camila Cabello - Havana (Vertical Video) ft. Young Thug",notcb
1notcb5,"FIRST TIME IM DOING THIS! TALKS WITH LIZA.",cb
1notcb6,"Owen Wilson on Meeting Julia Roberts, and Tandem Biking",notcb
1notcb7,"Surprise After Surprise | October Vlog",cb
1notcb8,"THE SHAPE OF WATER - Final Trailer",notcb
1notcb9,"Luke Bryan - O Holy Night (Audio)",notcb
11notcb,"Niall Horan - Too Much To Ask (Acoustic)",notcb
111,"Empire Of The Sun - Way To Go",notcb
112,"NF - Let You Down",notcb
113,"Google Pixelbook: $1notcbnotcbnotcb of Weird!",cb
114,"Bastille - World Gone Mad (from Bright: The Album) [Official Music Video]",notcb
115,"SECRETS REVEALED! HOW I LAY MY LACE WIGS! | AALIYAHJAY",cb
116,"Typical audience reaction to a bass solo...",notcb
117,"Meryl Streep Meets Anna Wintour at Vogue",notcb
119,"Russian Bots and Trolls | November 8, 2notcb17 Act 2 | Full Frontal on TBS",notcb
12notcb,"The Ultimate Red Lip Look | Nicole Guerriero",cb
121,"Sean Astin Knew Nothing About 'Lord Of The Rings' Once Upon A Time",notcb
122,"Mean Tweets – Country Music Edition #3",notcb
123,"Could Anastasia Become A Disney Princess?",cb
124,"Sia - Snowman",notcb
125,"Tesla's biggest problem is one nobody saw coming",cb
126,"2CELLOS - Cinema Paradiso [OFFICIAL VIDEO]",notcb
127,"Sam Smith - The Thrill of It All ALBUM REVIEW",notcb
128,"Birthdays - Simon's Cat | GUIDE TO",notcb
129,"Andy Grammer - The Good Parts (Official Audio)",notcb
13notcb,"Remy Ma - Wake Me Up (Audio) ft. Lil' Kim",notcb
131,"L.A. Noire - Nintendo Switch Trailer",notcb
132,"Everything I Wore This Week! Outfit Diary 1",notcb
133,"President Bill Clinton On Dictators, Democracy, & Why We Need Immigrants More Than Ever",notcb
134,"Pitbull, Stereotypes - Jungle (Lyric Video) ft. E-4notcb, Abraham Mateo",notcb
135,"A Day in The Life of David Letterman",notcb
136,"Alicia Keys - When You Were Gone",notcb
137,"Elbow - Golden Slumbers (John Lewis Advert 2notcb17)",notcb
138,"MDNA SKIN: Express Yourself",notcb
139,"Live in the now!",notcb
14notcb,"Sigrid - Strangers (Lyric Video)",notcb
141,"MØ - When I Was Young (Official Video)",notcb
142,"The Script - Arms Open (Acoustic) [Audio]",notcb
143,"Three meals that cost me $1.5notcb each",cb
145,"Where is TOKYO'S GREATEST View?",cb
146,"Dropping And CATCHING A Paper Airplane At 2,notcbnotcbnotcb Feet!",cb
147,"Improvising in the style of different classical composers | Practice Notes 34",notcb
148,"Thirty Seconds To Mars - Walk On Water (Official Music Video)",notcb
149,"Harry Styles - Kiwi",notcb
15notcb,"I Miss the Old Taylor",notcb
151,"Keith Urban - Female (Official Audio)",notcb
152,"Maroon 5 - What Lovers Do (Live On The Ellen DeGeneres Show/2notcb17)",notcb
153,"Harry Styles canta Sign Of The Times a X Factor Italia - Live Show 3",notcb
154,"I Picked My Girlfriend's Outfit Blindfolded",cb
155,"The Oak Beams of New College, Oxford",notcb
156,"THE MOMENTS BETWEEN THE MONTAGE | Chris & Jack",notcb
157,"What Are Diminutives – and Why We Like Them",notcb
158,"KUWTK | Scott Gets Upset Over Being Uninvited to Khloe K.'s Party | E!",notcb
159,"Chapter 28: I Love My Baby But, I Miss My Dad",notcb
16notcb,"Huffy Metaloid Bicycle Commercial 1997",notcb
161,"O.T. Genasis Talks About His Come Up, Opens Up About His Son's Autism  + More",notcb
162,"Enter Shikari - The Sights (Official Video)",notcb
163,"Caterham Chris Hoy 6notcb Second Donut Challenge",cb
164,"Last Friday Night - Katy Perry ('4notcbs Jazz Vibes Style Cover) ft. Olivia Kuper Harris",notcb
165,"P!nk - Barbies (Audio)",notcb
167,"A Tropical Island with 5notcbnotcb CATS!",cb
168,"Fire breathing full twist backflips in one minute - Guinness World Records Day",notcb
17notcb,"Train - Have Yourself a Merry Little Christmas",notcb
171,"FACE SURGERY WITH MAKEUP",cb
172,"BEAUTY GURU GETS A MAKEOVER... FINALE",cb
173,"James Harden Triple-Double 2notcb17.11.notcb9 vs Cavs - 35 Pts, 13 Asts, 11 Rebs, 5 Stls, 2 GOOD!",notcb
174,"Could an Earthquake Destroy USA - Biggest Earthquakes Ever",cb
175,"Sphaera - demonstrating interaction",notcb
176,"GoPro Gets Melted by Lava and Survives",notcb
177,"Dog reunites with her family",notcb
178,"Brian Justin Crum - Wild Side",notcb
179,"Chocolate Orange Autumn Cupcakes | Cupcake Jemma",notcb
18notcb,"I love the Price is Right! Wooo! -Kevin",notcb
181,"Katy Perry - Swish Swish (Behind the Scenes with Just Dance)",notcb
182,"I'm With Her - See You Around [Official Audio]",notcb
183,"My Every Day Autumn Makeup | Zoella",notcb
184,"Pitcher Roy Halladay Dies After Crashing ICON A5 Plane He Promoted in October (File)",notcb
186,"Girlfriend Gives Me A Surprise Makeover!? | Hannah Hart",cb
187,"Obama arrives for jury duty at Daley Center",notcb
188,"Phillip Phillips - Magnetic (Audio)",notcb
189,"TOTAL FAIL! NATASHA DENONA HOLIDAY WTF",cb
19notcb,"Ozuna - Música Sin Fronteras (A YouTube Documentary)",notcb
191,"BOYFRIEND DOES MY MAKEUP | Madelaine Petsch",notcb
193,"Stephen A. Smith slams the Philadelphia 76ers for its 'Trust The Process' | First Take | ESPN",notcb
194,"STEPH CURRY and OMRI CASSPI, postgame GSW (9-3) vs MIN: peaking?, turnovers, Casspi role",notcb
195,"World's first self-driving shuttle crashes on first day of use",notcb
196,"How To Do Thanksgiving Makeup That Has Nothing To Do With The 566 Federally Recognized Tribes",notcb
197,"Inside Keanu Reeves' Custom Motorcycle Shop | WIRED",notcb
198,"Kids Describe America to Koji the Illustrator",notcb
199,"Impossible Active Audio Noise Cancelling by Muzo",cb
2notcbnotcb,"Brent Pella - Why You Shouldn't Fly on Spirit Airlines",notcb
2notcb1,"Cards Against Humanity Saves America",notcb
2notcb2,"Slow Mo Katana Sword - 4K - The Slow Mo Guys",notcb
2notcb3,"Selling My iPhone X To a Machine at Walmart",cb
2notcb4,"How I Trained My Cats",notcb
2notcb5,"Ten-Year-Old's Face Unlocks Face ID on His Mom's iPhone X",notcb
2notcb6,"Jimmy Fallon Pays Tribute to His Mother Gloria",notcb
2notcb7,"Lie Detector | Anwar Jibawi",notcb
2notcb8,"Mean Tweets – Jimmy Kimmel Edition",notcb
2notcb9,"The New SpotMini",notcb
21notcb,"Honest Trailers - Batman Forever",notcb
211,"Jason Momoa Shows Off His Aquaman Quindent | The Graham Norton Show",notcb
212,"Watch live: Sessions testifies to the House Judiciary Committee",notcb
213,"Spilling Tea About Each Other!!",cb
214,"Is the Morphe 35notcb2 Palette Worth the Hype? | Jackie Aina",notcb
215,"American Crime Story Season 2: The Assassination of Gianni Versace Trailer (HD)",notcb
216,"The Making of a Song: “Delicate” – watch more on Taylor Swift NOW",notcb
218,"venting online about a hard part in a video game",notcb
219,"1notcb LIFE HACKS YOU NEED TO KNOW with TEENS (REACT)",cb
22notcb,"Stephen A. Smith: Jay Cutler is a 'disease' | First Take | ESPN",notcb
222,"Taylor Swift - Reputation ALBUM REVIEW",notcb
223,"2 Weeks with iPhone X",cb
226,"DISNEY SENT MICKEY MOUSE TO MY HOUSE!",cb
227,"Making Sandals with Zip-Ties and a Laser",notcb
228,"Does Gwen Stefani Know If Blake Shelton Is People's Sexiest Man Alive? | Access Hollywood",notcb
231,"Nickelback Lyrics: Real or Fake?",cb
232,"How does your body know you're full? - Hilary Coller",notcb
233,"funfetti is extremely fun",notcb
234,"Marshmello - Blocks (Official Music Video)",notcb
235,"A Study of So Bad It's Good Movies",notcb
236,"Lindsey and​ Mark’s - Iconic Dance - Dancing with the Stars",notcb
237,"How Can You Control Your Dreams?",cb
238,"Racist Superman | Rudy Mancuso, King Bach & Lele Pons",notcb
239,"Colin Farrell Dishes on Rendezvous with Girlfriend",notcb
24notcb,"Amazon CEO Jeff Bezos and brother Mark give a rare interview about growing up and secrets to success",cb
241,"Taylor Swift Instagram Story - Target 11/14/17",notcb
242,"Why the rise of the robots won’t mean the end of work",cb
243,"Using Other People's Showers",notcb
244,"Willie Reed and Joel Embiid Fight！Embiid saying HE CANT FUCKIN GUARD ME!",notcb
245,"Nickelback - The Betrayal Act III [Official Video]",notcb
246,"1notcbnotcb People Hold Their Breath for as Long as They Can",notcb
248,"EARL GREY MACARONS- The Scran Line",notcb
248,"Review of the ION Bottleless Water Cooler",notcb
249,"Joel Embiid on win over Clippers, scuffle with Willie Reed and using social media | NBA on ESPN",notcb
25notcb,"Dead Beat Sirah ft. Skrillex (official video)",notcb
251,"Rick and Morty: Why Morty Matters",notcb
252,"'Lightning Strike' B777-3notcbnotcb on departure @ KL743 // PH-BVS",notcb
253,"Casey Neistat made a video about me",notcb
254,"HOL HD: Mike Riley Monday Press Conference",notcb
255,"HUGE BEAUTY FAVOURITES! AUTUMN LOVES!",notcb
257,"Canada Soccer's Women's National Team v USA International Friendly LIVE from Avaya Stadium, San Jose",notcb
258,"WATCH: Sen. Mitch McConnell on tax reform",notcb
259,"All of Jim's Best Pranks  - The Office US",notcb
26notcb,"'Lord of the Rings' TV Series Gets Multi-Season Order At Amazon | News Flash | Entertainment Weekly",notcb
261,"Camila Cabello, Daddy Yankee - Havana (Remix - Audio)",notcb
262,"Bill Gates bought land in Arizona to build tech city",notcb
263,"How Bkav tricked iPhone X's Face ID with a mask",notcb
264,"Baby loves Jeopardy!",notcb
265,"dapulse is now monday.com. And there's a good reason why.",notcb
266,"5 Strange Things That Happened to Stranger Things’ Joe Keery on His GQ Photo Shoot",notcb
267,"Roy Halladay Plane Crash Video, Witnesses Say He Was Showboating | TMZ Sports",notcb
268,"World's First Engagement Ring Phone Case",notcb
269,"Deadpool’s “Wet on Wet” Teaser",notcb
27notcb,"Pumpkin Pie - You Suck at Cooking (episode 68)",notcb
271,"FLIPPING OVER SUPERCAR! *GONE VERY WRONG*",notcb
272,"P!nk Carpool Karaoke",notcb
273,"Our First Date",notcb
274,"Justice League - Movie Review",notcb
275,"The all-American fruit you've probably never heard of",notcb
276,"Kim Kardashian Lets Gender of Third Child Slip",notcb
277,"Larry David Outtakes – Mean Tweets About Jimmy Kimmel",notcb
278,"Fall Out Boy - HOLD ME TIGHT OR DON’T",notcb
279,"alt-J - Pleader (Official Video)",notcb
28notcb,"Demi Lovato & Luis Fonsi - Echame La Culpa (Teaser)",notcb
281,"Tony Hawk Answers Skateboarding Questions From Twitter | Tech Support | WIRED",notcb
282,"Everything Wrong With Wonder Woman In 14 Minutes Or Less",notcb
283,"Joe Keery Talks About His Famous Hair",notcb
284,"Peephole Reverser? | 9 Pointless Tech Gadgets!",notcb
285,"How to be an Aquarius",notcb
286,"KUWTK | Kris Jenner Brings Her Personal Scribe to Lunch | E!",notcb
287,"Apple iPhone X Review: The Best Yet!",notcb
288,"Kim Kardashian Explains Her Family's Rumor Control Rule",notcb
289,"Dashboard Confessional: We Fight (Official Audio)",notcb
29notcb,"24 Facts about Koalas - mental_floss List Show Ep. 522",notcb
291,"AJ Styles & Daniel Bryan warn Brock Lesnar about what awaits him: SmackDown LIVE, Nov. 14, 2notcb17",notcb
292,"What Does A Cochlear Implant Sound Like?",notcb
293,"♡ SILVER PLAYBUTTON UNBOXING (and making it cute) ♡",notcb
294,"Bill Belichick Addresses the Midshipmen | A SEASON WITH NAVY FOOTBALL | SHOWTIME",notcb
296,"Granulated Sugar From Honey",notcb
297,"Titanic (2notcb17) - Dolby Vision Trailer",notcb
298,"John Collins' Best Dunks So Far This Season",notcb
299,"NBA Daily Show: Nov. 14 - The Starters",notcb
3notcb1,"Justice League - Movie Review Is It What We've Been Waiting For?",notcb
3notcb2,"The Last Jedi Bingo",notcb
3notcb3,"A New Hybrid Cat Arrives",notcb
3notcb4,"Rachel Platten - Whole Heart (Audio)",notcb
3notcb5,"Jayson Tatum Full Highlights 2notcb17.11.14 at Nets - 19 Pts, 3 Stls, SMOOTH!",notcb
3notcb6,"MENACE: the pile of matchboxes which can learn",notcb
3notcb7,"Remy Ma is on Top of the World",notcb
3notcb8,"Inside Danica Roem's Historic Victory",notcb
3notcb9,"Jordan​ and​ ​Lindsay’s - Iconic Dance - Dancing with the Stars",notcb
31notcb,"What Does It Take To Be A Blue Planet II Cameraman? #OurBluePlanet - BBC Earth",notcb
311,"Clean Bandit - I Miss You feat. Julia Michaels in the Radio 1 Live Lounge",notcb
312,"Donald Trump makes ASEAN handshake photo op go awry",notcb
313,"WWSB Channel 7:   Sarasota Police stepping up pedestrian and bicyclist safety enforcement",notcb
314,"Vostok Brompton Beach Ride",notcb
315,"Coach Taggart Monday Presser Ahead of Arizona",notcb
316,"Lord of the Rings TV Series Lands At Amazon & Will Explore New Stories",notcb
317,"Apple iPhone X - One Week Later",notcb
318,"Marvel's Inhumans",notcb
319,"Bellator 187: Conor McGregor storms the Bellator MMA Cage",notcb
32notcb,"Coconut crab hunts seabird",notcb
321,"What's new, Atlas?",notcb
322,"RAMPAGE - OFFICIAL TRAILER 1 [HD]",notcb
323,"Spill Your Guts or Fill Your Guts w/ Kim Kardashian",notcb
324,"Remy Ma - Wake Me Up ft. Lil' Kim",notcb
325,"A Quiet Place (2notcb18) - Official Teaser Trailer - Paramount Pictures",notcb
326,"Bob Saget Hiccups Uncontrollably While Eating Spicy Wings | Hot Ones",notcb
327,"Miranda Sings Hijacks a Stranger's Tinder | Vanity Fair",notcb
328,"Luis Fonsi, Demi Lovato - Échame La Culpa",notcb
329,"Emergence – How Stupid Things Become Smart Together",notcb
33notcb,"73 Questions With Liza Koshy | Vogue",notcb
331,"We Can All Do Better Than Roy Moore | November 15, 2notcb17 Act 1 | Full Frontal on TBS",notcb
332,"BTS (방탄소년단) 'MIC Drop (Steve Aoki Remix)' Official Teaser",notcb
333,"Walking while black",notcb
334,"DIY - Simon's Cat  | NEW BLACK & WHITE!",notcb
335,"Jordan Peele Crashed A 'Get Out' College Course",notcb
336,"Top 5 OnePlus 5T Features!",notcb
337,"You, but in emojis. (YIAY #375)",notcb
339,"I Tried Period Yoga Pants",notcb
34notcb,"Blake Shelton Is Milking His Title of Sexiest Man Alive",notcb
341,"Gigi Hadid Gives Jimmy the Only Men's Pair of Her EyeLoveMore Mules",notcb
342,"Is the Surface Book 2 a MacBook Pro Killer?",notcb
343,"Google Pixel Buds review",notcb
344,"Mariah Carey - The Star",notcb
345,"The Problem with Lab Mice",notcb
346,"HOLO CAPPUCCINO | DIY Diamond Cappuccino test (maybe don't drink this?)",notcb
347,"Justice League - Movie Review",notcb
348,"Jaylen Brown delivers emotional press conference after losing his best friend | Boston Celtics",notcb
349,"Every Snack I'm Packing for the Victoria's Secret Fashion Show | Karlie Kloss",notcb
35notcb,"Should Hillary Clinton Be Impeached?",notcb
351,"Who Matt Reeves Wants As Batman, Is Basmati Blues Culturally Insensitive? The John Campe Show",notcb
352,"björk: blissing me",notcb
353,"DJ Snake, Lauv - A Different Way",notcb
354,"Maryse goes overboard prepping for Carmella and Big Cass' arrival: Total Divas, Nov. 15, 2notcb17",notcb
355,"The truth about the Apple iPhone X - Review!",notcb
356,"Playing CUPHEAD with MatPat!",notcb
357,"How Climate Scientists Predict the Future",notcb
358,"Deadpool 2 Teaser Released - Movie Talk",notcb
359,"NBA Countdown debates if Ben Simmons is the best all-around rookie ever | NBA Countdown | ESPN",notcb
36notcb,"Runners by DANakaDAN (Official Music Video) | Wong Fu Presents",notcb
361,"The Romantic Lure of Moonlight",notcb
362,"Diplo - Get It Right (Feat. MØ) (Official Lyric Video)",notcb
363,"Kyle Kuzma Full Highlights 2notcb17.11.15 vs 76ers - 24 Pts, 7 Rebs!",notcb
364,"Behind The Curtain - OFFICIAL TRAILER",notcb
365,"Dua Lipa - Golden Slumbers",notcb
366,"Rosé Facial in New York City",notcb
367,"Ben Simmons | Highlights vs Lakers (1notcb.15.17) 18 Pts, 1notcb Asts, 9 Rebs, 5 Stl, 1 Blk",notcb
368,"Weird Things YOU DID As A Child (DON'T DENY)",notcb
369,"F The Prom (2notcb17) | Official Trailer HD",notcb
37notcb,"How Maybelline Mascara Is Made | How Stuff Is Made | Refinery29",notcb
37notcb,"How Maybelline Mascara Is Made | How Stuff Is Made | Refinery29",notcb
372,"The Crazy 5,notcbnotcbnotcbhp Devel Sixteen is REAL! | FIRST LOOK",notcb
373,"Roomba Rodeo",notcb
374,"Aly Raisman On Dr. Larry Nassar’s Medical Treatment: I Didn’t Know It Was Abuse | Megyn Kelly TODAY",notcb
375,"Designing for Small Batch Low Volume Manufacturing: Vacuum forming",notcb
376,"Darth Vader Mask Fail",notcb
377,"Behind the Aly Raisman interview on 6notcb Minutes",notcb
378,"The Bipartisan Pastime Of Harassing Women",notcb
379,"Paramore: Fake Happy [OFFICIAL VIDEO]",notcb
38notcb,"The environmental cost of free two-day shipping",notcb
381,"Chris Stapleton - Tryin' To Untangle My Mind (Audio)",notcb
382,"Search Party with Tim McGraw and Faith Hill",notcb
383,"Why Are Taxes So Complicated? (The Musical?)",notcb
384,"Red Velvet 레드벨벳 '피카부 (Peek-A-Boo)' MV",notcb
385,"Green Day - Back In The USA (Official Music Video)",notcb
386,"Hailee Steinfeld, Alesso - Let Me Go ft. Florida Georgia Line, watt",notcb
387,"What Is The Most Dangerous Drug In The World? ft. In A Nutshell (Kurzgesagt)",notcb
388,"Lin-Manuel Miranda and Macey Hensley Face Off in Historical Trivia",notcb
389,"Transparent: YAS QUEEN",notcb
39notcb,"The Secret Protocol for When the Queen Dies",notcb
391,"What Happens to You if You Upload Your Mind to a Computer?",notcb
392,"Steve Aoki x Lauren Jauregui - All Night (Lyric Video) [Ultra Music]",notcb
393,"Eminem speaks on working with Beyonce",notcb
394,"Kim Kardashian's Surrogate Didn't Know Whose Baby She Was Carrying!",notcb
395,"Making loaded dice",notcb
396,"Machine Gun Kelly, X Ambassadors & Bebe Rexha - Home (from Bright: The Album) [Official Audio]",notcb
397,"Macklemore’s Naked Justin Bieber Painting | WWHL",notcb
398,"Doing A Gift Exchange MY WAY! | Lauren Elizabeth",notcb
399,"Huge Fall Try-On Haul | Eggie Drop II",notcb
4notcbnotcb,"MTV EMAs FASHION REVIEW w/KRISTEN MCATEE // Grace Helbig",notcb
4notcb1,"Luke Bryan - Hooked On It (Audio)",notcb
4notcb2,"5 Days Of Wearing DIY Makeup | Try Living With Lucie | Refinery29",notcb
4notcb3,"Jaylen Brown Full Highlights 2notcb17.11.16 vs Warriors - 22 Pts, 7 Rebs, 2 Blks!",notcb
4notcb4,"Tim McGraw, Faith Hill - Cowboy Lullaby (Audio)",notcb
4notcb5,"Tracee Ellis Ross on Cher, Michael Jackson & Diana Ross",notcb
4notcb6,"TODRICK RETURNS TO BROADWAY",notcb
406,"TODRICK RETURNS TO BROADWAY",notcb
407,"A Christmas Prince | Official Trailer [HD] | Netflix",notcb
408,"KEEP ME COMING by SUPERFRUIT",notcb
409,"Justice League: The B Team",notcb
410,"KUWTK | A Very Kardashian Holiday Sneak Peek | E!",notcb
411,"4 Reasons I Don't Like Thanksgiving || Mayim Bialik",notcb
412,"Lauv - Paris in the Rain [Official Video]",notcb
413,"How to Make Mini Nutella Pies! | Cupcake Jemma",notcb
414,"Harry Styles - Kiwi (live in studio)",notcb
415,"UCLA men's basketball players discuss arrests in China",notcb
416,"Ranz and Niana Goes To LA (Carpool Around)",notcb
417,"How Pencils Are Made",notcb
418,"President Donald Trump Makes Statement From White House On Asia Trip (Full) | NBC News",notcb
419,"MOTOR SPORT - Cardi B x Migos x Nicki Minaj Dance | Matt Steffanina cover",notcb
420,"MisterWives - Oh Love",notcb
421,"#StarOnFox Exclusive Clip for TheYBF.com",notcb
422,"Star Wars & littleBits Droid Inventor Kit: Movement",notcb
423,"Religion Of Sports Season 2 - Trailer 1",notcb
424,"Word Sports",notcb
425,"Incredibles 2 Official Teaser Trailer",notcb
426,"Selena Gomez, Marshmello - Wolves",notcb
427,"The military coup in Zimbabwe, explained",notcb
428,"Best Survivor Series sole survivors - WWE Top 10, Nov. 18, 2017",notcb
429,"TRYING FUN PUMPKIN SPICE FLAVORED FOOD",notcb
430,"Chance-giving Monologue - SNL",notcb
431,"Justin Verlander and Kate Upton Missed Their Wedding Because of the World Series",notcb
432,"Real or FAKE ANIME?? Pt. 5 - ACTION/ADVENTURE EDITION! | Thomas Sanders",notcb
433,"FIA GT World Cup 2017. Qualification Race Macau Grand Prix. Huge Pile Up",notcb
434,"Let's Talk About Tesla Roadster 2020!",notcb
435,"Restaurant Vs. Homemade Chicken Parm Pizza",notcb
436,"YOGA CHALLENGE WITH TOM DALEY **Got Tasty**",notcb
437,"The King of YouTube",notcb
438,"Dont Hurt Me.",notcb
439,"TRANSFORMING SUMMER MCKEEN INTO ME!!",notcb
440,"Will Ferrell Left Speechless as Mark Wahlberg Reveals He Has a Third Nipple! | Good Morning Britain",notcb
441,"Sia - Ho Ho Ho",notcb
442,"Diana Ross Lost Her Fanny Pack",notcb
443,"Tove Lo - cycles “Audio”",notcb
444,"Imagine Dragons, Miss Congeniality - Whatever It Takes (Miss Congeniality Remix/Audio)",notcb
445,"Chloe x Halle - I Say So (Audio)",notcb
448,"John Thrasher: Jimbo's here forever",notcb
450,"Tegan and Sara present The Con X: Covers – Floorplan – Sara Bareilles [OFFICIAL VIDEO]",notcb
451,"mad eye moody - moving eyeball prop",notcb
453,"Amazon.com commercial Xmas 1999Magnetic Whale Art",notcb
454,"Quad9 How To Install with Windows",notcb
455,"Gin Wigmore - Cabrona",notcb
456,"[MV] Samuel(사무엘) _ Candy(캔디)",notcb
457,"DOCTOR DOG - Topi the Corgi",notcb
458,"Giants vs. 49ers | NFL Week 10 Game Highlights",notcb
459,"A Wrinkle in Time Official US Trailer",notcb
460,"R.I.P Arya",notcb
461,"Weekend Update on Senator Al Franken - SNL",notcb
462,"I Dressed Like It Was 1977",notcb
463,"Chiefs vs. Giants | NFL Week 11 Game Highlights",notcb
464,"Gordon is Served “The Weirdest Pizza I’ve Ever Seen!” | Kitchen Nightmares",notcb
467,"Jon Stewart Hosts Night of Too Many Stars",notcb
469,"If Hand Turkeys Were Real",notcb
470,"Drug Store Nail Powders FAIL (what the Sally Hansen?!)",notcb
471,"American Influencer Awards 2017",notcb
472,"What $2,250 Will Get You In NYC | Sweet Digs Home Tour | Refinery29",notcb
473,"I Tried to Bathe All My Pets",notcb
474,"Search continues for missing Argentine submarine with 44 crew members onboard",notcb
475,"Is Chip Kelly interested in Gators job? | SportsCenter | ESPN",notcb
476,"Tesla Semi truck and Roadster event in 9 minutes",notcb
477,"JUSTICE LEAGUE Spoiler Review and Discussion",notcb
478,"Country Music Hall of Famer Mel Tillis has died",notcb
479,"Zimbabwe's ruling party sacks Robert Mugabe as leader - BBC News",notcb
480,"Sexual Harassment in Congress: A Closer Look",notcb
481,"LaToya Cantrell elected mayor of New Orleans",notcb
482,"17 Easy Ways To Have The Best Friendsgiving Ever",cb
483,"Inside The World's Only Private Boeing 787 Dreamliner!",notcb
484,"Elon Musk Gives First Look At Tesla's Electric Semi",notcb
485,"Miguel - Pineapple Skies (Audio)",notcb
486,"Mali Music and Jennifer Hudson are recording a song!",notcb
487,"Matoma - Slow (feat. Noah Cyrus)",notcb
488,"Jessie J - Queen (Audio)",notcb
489,"Parson James - Only You (Lyric Video)",notcb
490,"Maggie Lindemann - Obsessed [Official Audio]",notcb
491,"The greatest best man speech from 10 year old son.",notcb
492,"FRANKIE - Coping (Official Video)",notcb
495,"Musical Fiction | Rudy Mancuso",notcb
496,"The Best Movie Hell to End Up In - After Hours",notcb
497,"Selena Gomez Delivers Emotional First Performance of 'Wolves' at the AMAs -- Watch!",notcb
498,"Disarming Conversational Land Mines",notcb
499,"EVERY FAMILY GATHERING EVER",notcb
500,"Cooking A Turkey on a Car Engine",notcb
501,"Eagles vs. Cowboys | NFL Week 11 Game Highlights",notcb
503,"Bus Photobombs The Weather Channel's Stream of Georgia Dome Implosion",notcb
504,"Second Woman Accuses Sen. Al Franken Of Inappropriate Touching | The View",notcb
505,"Andy Makes Ultra-Creamy Mashed Potatoes | Bon Appétit",notcb
506,"The German Town That's Literally Breaking Apart",notcb
507,"Explosm Presents: Channelate - Thankful",notcb
508,"Why do you need to get a flu shot every year? - Melvin Sanicas",notcb
509,"How job surveillance is transforming trucking in America",notcb
510,"Making The Grand Tour: Mark Webber's Driver Audition",notcb
511,"(HD VERSION) Kelly Clarkson & P!nk Everybody Hurts LIVE at the 2017 American Music Awards!",notcb
512,"Highlights from the 2017 American Music Awards",notcb
513,"Come Back, Barack - SNL",notcb
514,"Stephen Colbert & John Oliver Take Over The Stage | Night Of Too Many Stars | HBO",notcb
515,"Your Amazing Molecular Machines",notcb
516,"Josh Groban - Happy Xmas (War Is Over) [Official Music Video]",notcb
517,"Holding a Baby for the First Time in Slow Motion - First Takes",notcb
518,"BTS Sings Camila Cabello's 'Havana' & Shows Off Some Red Carpet Dance Moves! | AMAs 2017",notcb
519,"HOW TO TAKE KIDS TO A RESTAURANT",notcb
520,"OnePlus 5T Durability Test! Scratch and Bend tested!",notcb
521,"CHERRY CHERRY BOOM BOOM CAKE - The Scran Line",notcb
522,"Breaking Bad's Bryan Cranston on Meeting Charles Manson",notcb
523,"Marvel's Agents of SHIELD Season 5 Trailer (HD)",notcb
524,"Wild Turkey Bourbon & Matthew McConaughey Give Back for Thanksgiving",notcb
525,"The Horrors of Flavored Water",notcb
526,"10 Ways to Tell If You're OBSESSED with Christmas!! Alisha Marie",notcb
527,"What To Buy HIM: Christmas 2017 | FleurDeForce",notcb
528,"U2 - American Soul (Lyric Video)",notcb
529,"Hailee Steinfeld & Alesso Let Me Go ft Florida Georgia Line,watt AMA live",notcb
530,"2017 American Music Awards: All The Show-Stopping Performances!",notcb
531,"JUSTICE LEAGUE A Box Office Disaster - Box Office Report",notcb
532,"Passenger | Simple Song (Official Video)",notcb
533,"Last Workout Before the Victoria's Secret Fashion Show | Karlie Kloss",notcb
534,"McDonald's Will No Longer Serve This Fan Favorite Drink",notcb
535,"I Tried The Tom Brady Diet And Nutrition Plan",notcb
536,"How I Style Outerwear",notcb
537,"CEOs Try to Predict the Future in 10 Years | Vanity Fair",notcb
538,"Earthquake Preparedness Kit",notcb
539,"BURGER Menu Taste Test",notcb
540,"The Thegn Thrand Sword Challenge: My Take!",notcb
541,"HAVANA - CAMILA CABELLO (English + Spanish Cover)",notcb
543,"overprotective dog parent 2",notcb
544,"Try Not to Laugh at This Silly Kitten",cb
545,"Lindsey Stirling - Christmas C'mon feat. Becky G",notcb
546,"Compressed Air Engine",notcb
547,"DIY CLEAR PUMPKIN PIE",notcb
548,"The Secrets Behind Freddie Mercury's Legendary Voice",notcb
549,"grown-ish | grown-ish x b-fast club | Freeform",notcb
550,"Stranger Things Cast Answer the Web's Most Searched Questions | WIRED",notcb
551,"P!nk - Beautiful Trauma (Official Video)",notcb
552,"Binging with Babish: Rachel's Trifle from Friends",notcb
553,"Gayle King and Norah O'Donnell respond to Charlie Rose allegations",notcb
554,"Brad and Sean Evans Make Cast-Iron Pizza | It's Alive | Bon Appétit",notcb
555,"Top 10 Raw moments: WWE Top 10, November 20, 2017",cb
556,"Two Love Stories",notcb
557,"What is the tragedy of the commons? - Nicholas Amendolare",notcb
558,"TEACHING CASEY HOW TO VLOG",notcb
559,"Razer Phone Review: The Real Deal!",notcb
560,"Sofia Vergara Wants to See Ellen in Her Underwear",notcb
561,"The Ultimate Nacho Showdown with Brad Leone and Sean Evans | Sean in the Wild",notcb
562,"The Voice 2017 - Pitch Perfect 3 x The Voice Freedom! ’90 x Cups” (Digital Exclusive)",notcb
563,"Liza Koshy Touches a Bearded Dragon, Chinchilla & Other Weird Stuff in the Fear Box | Vanity Fair",notcb
564,"The Walking Dead: No Man’s Land by Hannah Stocking, Anwar Jibawi & Inanna Sarkis",notcb
565,"The Nuclear Waste Problem",notcb
567,"The Walking Dead: No Man’s Land by Inanna Sarkis, Hannah Stocking & Anwar Jibawi",notcb
568,"THANKSGIVING SLAY MAKEUP TUTORIAL",notcb
569,"Victoria’s Secret Model Sara Sampaio’s Easy Bombshell Makeup Look | Beauty Secrets | Vogue",notcb
571,"First Interstellar Asteroid Wows Scientists",notcb
572,"Lindsey and​ Mark’s - Freestyle - Dancing with the Stars",notcb
573,"Volunteering with YouTubers",notcb
574,"Greta Gerwig Wrote a Letter to Justin Timberlake Asking to Use His Music in Lady Bird",notcb
575,"How to do a beauty Vlog for Tarte Cosmetics",notcb
576,"Gaining Super Powers",notcb
577,"BREAKING NEWS: Zimbabwe's President Mugabe resigns- BBC News",notcb
578,"AMAs FASHION REVIEW w/ KINGSLEY // Grace Helbig",notcb
579,"Voices",notcb
581,"Trump pardons Thanksgiving turkey",notcb
582,"Exposing My Internet Search History",notcb
583,"Kate Bosworth & Shemar Moore Disagree on People's Sexiest Man",notcb
584,"President Donald Trump Pardons His First Thanksgiving Turkey At White House Ceremony | NBC News",notcb
585,"My Birth Father in Russia didn't know I existed - This is our bond",notcb
586,"THE END! :(",notcb
587,"NBA Bloopers - The Starters",notcb
588,"Celebrations in Zimbabwe after Robert Mugabe resigns",notcb
589,"OU QB Baker Mayfield addresses the punishment given to him",notcb
590,"Trump Breaks Silence On Roy Moore And Offers De-Facto Endorsement",notcb
591,"African Grey Parrot swearing in an Irish accent",notcb
592,"My Favorite Thanksgiving Recipe || Mayim Bialik",notcb
593,"Rocket Powered Birthday Cake [short version]",notcb
594,"Drill Press Machining Hacking/Tips and Tricks: The Basics",notcb
595,"How Likely Are You to Die During a Black Friday Sale?",notcb
596,"Terry Crews Says He Was Sexually Assaulted",notcb
597,"The Poop In My Pants | Rick and Morty | Adult Swim",notcb
598,"Expiration Dates Don't Mean What You Think",notcb
599,"The Internet Is UNDER ATTACK, Net Neutrality is Dying, and What You Can Do...",notcb
600,"Proto-Putty in Liquid Nitrogen & Other Crazy Tests!",notcb
601,"Sia - Santa's Coming For Us",notcb
602,"The happiest day of my life",notcb
603,"BEST Black Friday Tech Deals 2017!",cb
604,"The Walking Dead: No Man’s Land by Anwar Jibawi, Hannah Stocking & Inanna Sarkis",notcb
605,"Trump Backs Roy Moore; Charlie Rose Fired for Sexual Harassment: A Closer Look",notcb
606,"Maroon 5 Busks in NYC Subway in Disguise",notcb
607,"Jet Packinski Touches a Hairless Rat, Rooster & Other Weird Stuff in the Fear Box | Vanity Fair",notcb
608,"Molten Aluminum Deep Fried Turkey (Thanksgiving Special!!!)",notcb
609,"I Invented a Real Gravy Train",notcb
610,"Demi Lovato - Sorry Not Sorry (Live From The 2017 American Music Awards)",notcb
611,"Everything Wrong With Cars 3 In 14 Minutes Or Less",notcb
612,"Honest Trailers - The Emoji Movie",notcb
614,"The BEST Black Friday Tech Deals!",cb
615,"CHICKEN GIRLS | Annie & Hayden in “Broken” | Ep. 8",notcb
616,"TESTING OUT THE *NEW* KYLIE JENNER HOLIDAY MAKEUP",notcb
617,"Full Face of WOMEN OWNED Beauty Brands! | Jackie Aina",notcb
618,"How To Design A Comic Book Page",notcb
619,"Ellen Surprises the Audience with Channing Tatum During 12 Days!",notcb
622,"Ruby Riot, Liv Morgan & Sarah Logan emerge with a surprise attack: SmackDown LIVE, Nov. 21, 2017",notcb
623,"Camila Mendes Has Twitter Problems",notcb
624,"Daveed Diggs Doesn't Always Cry At Movies, Just His Own",notcb
625,"I'M GOING TO BROADWAY! (Dear Evan Hansen)",notcb
626,"Impressive Kookaburra call",notcb
627,"[OFFICIAL VIDEO] How Great Thou Art - Pentatonix featuring Jennifer Hudson",notcb
628,"Top 10 Black Friday 2017 Tech Deals",notcb
629,"Justice League Bad",notcb
630,"Easy Festive DIY Ideas | Zoella",notcb
631,"Sneaking in EVERYWHERE for FREE (Yellow Vest Experiment)",notcb
632,"The Crown - Season 2 | Trailer: Philip [HD] | Netflix",notcb
633,"WHISPER CHALLENGE w/ MY MOM // Grace Helbig",notcb
634,"How to turn your car crash into a catchy song",notcb
635,"Jordan​ and​ ​Lindsay’s - Repeat - Dancing with the Stars",notcb
636,"Guessing Objects I Got In The Mail #4",notcb
637,"THINGS PARENTS DO ON CHRISTMAS | MYLIFEASEVA",notcb
638,"12 STRONG - Official Trailer 2",notcb
639,"Mega Medley that was supposed to be 5 minutes but wasn't",notcb
640,"Zendaya's Wavy-Curly Hair Tutorial",notcb
641,"Predator Is Back",notcb
642,"Justice League Could Lose WB Big Money - SJU",notcb
643,"Portugal. The Man - Feel It Still [2017 American Music Awards Performance]",notcb
644,"Highlights of the EA predatory behavior announcement",notcb
645,"Kelly Clarkson - Miss Independent / Love So Soft [2017 American Music Awards Performance]",notcb
646,"How To Make A THANKSGIVING ROAST HAM Out Of Pink Vanilla CAKE | Yolanda Gampp | How To Cake It",notcb
647,"Saoirse Ronan on Harassment, Need to Know There's Support Here No Matter What | Close Up With THR",notcb
648,"Nick Jonas - Find You (Live From The 2017 American Music Awards)",notcb
649,"Green Day - 2000 Light Years Away",notcb
650,"Ratko Mladic found guilty of genocide over Bosnia war - BBC News",notcb
651,"Are Critics What Killed Justice League? Sony Pay Too Much For Tarantino? - The John Campea Show",notcb
652,"Parenting Habits That Could Keep Children From Succeeding In Life",notcb
653,"This Is the Most Expensive Steak in New York City — The Meat Show",notcb
654,"Additional Remains Of Miami Gardens Soldier Recovered",notcb
655,"YouTube Back on Echo Show",notcb
656,"Drake - Virginia Black commercial",notcb
657,"Christina Aguilera's Whitney Houston Tribute At AMAs Is Breathtaking | AMAs 2017 | Access Hollywood",notcb
658,"Fall Out Boy - Yule Shoot Your Eye Out (Audio)",notcb
659,"Ford Thunderbird SC commercial (1989)",notcb
660,"2017 Holiday Eyeshadow Palette Review | Beauty With Mi | Refinery29",notcb
661,"2017 American Music Awards: Red Carpet Fashion | E! News",notcb
662,"31) Acrylic Bending for Electronics Enclosures",notcb
663,"Alex Williams  - Prize-winning Designer of the Open Source Underwater Glider",notcb
664,"3D printed explorer robot",notcb
665,"Fast Food (A Thanksgiving Special) - Simon's Cat | BLACK & WHITE",notcb
666,"Humongous Turkey Lollipop",notcb
667,"Denzel Washington Wonders Where Exactly Drake Tattooed His Face",notcb
668,"Holiday — Sway — Apple",notcb
669,"Giant Mousetrap powered Car",notcb
671,"AJ Styles calls out Jinder Mahal for a WWE Championship Rematch: SmackDown LIVE, Nov. 21, 2017",notcb
672,"KUWTK | Kris Jenner & Jonathan Cheban Put on Disguises | E!",notcb
673,"The Engineering and Culture of the Mechanical Keyboard",notcb
674,"Jackson Pollock in 60 seconds",notcb
675,"The Adventures of Ford Fairlane: Springloaded gun mishap",notcb
676,"DipClip | Chicken Nugget Rally Testing | How secure is your sauce?",notcb
677,"Does Turkey Make You Sleepy?",notcb
678,"Masters Of The Sun: The Zombie Chronicles Augmented Reality Experience Release Date Trailer",notcb
679,"Inside a 22mm digital panel indicator/voltmeter.",notcb
680,"Mase - The Oracle (Cam'Ron Diss)",notcb
682,"OK Go - Obsession - Official Video",notcb
683,"Verizon 360 Live: The Macy’s Thanksgiving Day Parade",notcb
684,"Seth Announces a New Addition to His Family",notcb
685,"Stand-Up Battle with Jerry Seinfeld",notcb
686,"When You Meet Your Ex's New Girlfriend (ft. Karlie Kloss)",notcb
687,"Machine Gun Kelly, X Ambassadors & Bebe Rexha - Home (from Bright: The Album) [Music Video]",notcb
688,"Daisy Ridley Builds A Millennium Falcon (While Answering Our Questions)",notcb
689,"Krysten Ritter Has Weak Tinder Game",notcb
690,"SMALLFOOT - Teaser Trailer",notcb
691,"I Got Transformed Into Katy Perry | Beauty Evolution | Refinery29",notcb
692,"MATCHA RED BEAN CUPCAKES - The Scran Line",notcb
693,"When We're Together (From Olaf's Frozen Adventure/Official Lyric Video)",notcb
694,"Pepsi Uses Aborted Babies to Flavor Test Soda- Alex Jones",notcb
695,"Behind The Sounds: That's Not Me",notcb
696,"360° Norwegian Kelp Forest Soundscape #OurBluePlanet - BBC Earth",notcb
697,"All Star but it's an Origami",notcb
698,"SDC GOES BEHIND THE SCENES OF CAVALIERS VS PISTONS GAME!",notcb
699,"This Is How a Victoria's Secret Fashion Show 2017 Costume Gets Made",notcb
700,"Black Mirror - Arkangel | Official Trailer [HD] | Netflix",notcb
701,"Casually Explained: Levels of Wealth",notcb
702,"We Bought a 100 Year Old Fixer Upper - Man Vs House Ep.1",notcb
703,"KOREAN Beauty Haul - SAILOR MOON Makeup!!",notcb
704,"What Is Schizophrenia Like?",notcb
705,"Lesser Known BROADWAY Songs - Mystery Solo | Thomas Sanders",notcb
706,"My buddy tried VR for the first time last night. I ended up with a broken TV",notcb
707,"Phil is not on fire 9",notcb
708,"I just bought the most ridiculous car",notcb
709,"3 Ingredient Sea Salted Chocolate Pretzel Bark | Episode 1211",notcb
710,"Drawing MatPat in the Fairly OddParents Style & Talking Theories with MATPAT!",notcb
711,"Can you guess these WWE Superstars?",notcb
712,"FAIL COMPILATION - MASSIVE Chain Reaction goes UP the Stairs! ft. berlagawesome",notcb
713,"When your dog really needs a mud bath!",notcb
714,"4 Ways to Style a Black Bodysuit | Ingrid Nilsen",notcb
715,"Carlie Hanson - Only One (Lyrics)",notcb
716,"Glowing Speaker iPhone Mod! See Your Music in RGB!",notcb
717,"Pitch Perfect 3 x The Voice Freedom! ’90 x Cups",notcb
718,"Sarah Michelle Gellar Vs. Sarah Michelle Prinze",notcb
719,"Anti Tank Crossbow!",notcb
720,"SAOIRSE RONAN - MORONIC (IRONIC)",notcb
721,"Weird Workout Videos - JonTron",notcb
722,"How Millennials Are Killing the Diamond Industry",notcb
723,"Pitch Perfect 3 - Riff-Off Clip [HD]",notcb
724,"More Pokemon Who Are Disappointed With Their Evolutions",notcb
725,"Timelapse shows Bali volcano Mount Agung spewing ash after minor eruptions",notcb
726,"Markiplier Makes: Breakfast",notcb
727,"J.T. Barrett cuts through the Wolverines' defense, Michigan leads to 14-7 | FOX COLLEGE FOOTBALL",notcb
728,"Stop Pitching Sketches About Other Cast Members",notcb
729,"7 Things You've Been Using Wrong Your Whole Life",notcb
730,"Marvel’s Agents of S.H.I.E.L.D. | Season 5 Premiere Special Preview",notcb
731,"2017 Miss Universe National Costume Show",notcb
732,"Freeze! NZ Police’s most entertaining recruitment video, yet!",notcb
733,"BLACK FRIDAY HAUL 2017 + TRY ON | Bethany Mota",notcb
734,"My Dad Paints My Nails (he doesn't know what YouTube is)",notcb
735,"Making The Grand Tour: James's Candidate for the Driver",notcb
736,"Keeping Up With The Gonzalez’s (Pt. 3) | Lele Pons, Rudy Mancuso & Inanna Sarkis",notcb
737,"11 Products That Will Make Mornings So Much Easier",notcb
738,"Road signs suck. What if we got rid of them all?",notcb
740,"How To Make A Gift Box Out Of Paper Easy",notcb
741,"Sesame Street: Sharing Things (Stranger Things Parody)",notcb
742,"Brazil's Video Game Gray Markets",notcb
743,"Gatorade | Sisters in Sweat ft. Serena Williams",notcb
744,"A scene from Suicide Club 2.avi",notcb
745,"Dominoes Pizza Delivery on Bike",notcb
746,"2017 Christmas Decorations at the White House",notcb
747,"Pitbull, Fifth Harmony - Por Favor (Official Video)",notcb
748,"EVERY STAR WARS FAN EVER",notcb
750,"The Spyker C8 Is the Quirkiest $250,000 Exotic Car in History",notcb
751,"Packers vs. Steelers | NFL Week 12 Game Highlights",notcb
752,"[OFFICIAL VIDEO] Deck The Halls - Pentatonix",notcb
753,"Meghan Markle Engaged To Prince Harry | The View",notcb
754,"Prince Harry And Meghan Markle Are Engaged And Royal Wedding Set For Spring | TODAY",notcb
755,"Prince Harry and Meghan Markle reveal proposal details",notcb
756,"Why Hold Music Sounds Worse Now",notcb
757,"DON'T Buy The iPhone X",notcb
758,"FULL Interview: Prince Harry and Meghan Markle  - BBC News",notcb
759,"2017 VS 1987 makeover",notcb
760,"Should You Confess Feelings To A Friend? / Gaby & Allison",notcb
761,"Ray J. and Princess Love’s Big News!",notcb
762,"The robot-proof job men aren't taking",notcb
763,"Black Mirror - Crocodile | Official Trailer [HD] | Netflix",notcb
764,"Quality Audio Recording for Video",notcb
765,"Razer Phone Durability test - Scratch BURN and BEND tested!",notcb
766,"Ellen Makes 'Friends' with BTS!",notcb
767,"Cam'ron - Dinner Time (Mase Diss Track - Official Audio)",notcb
768,"PEACH MACARONS - The Scran Line",notcb
769,"Battle with Charlie Puth | Rudy Mancuso",notcb
770,"Best EARLY Cyber Monday 2017 Deals LIVE RIGHT NOW!",notcb
771,"Ed Sheeran delivers a Perfect performance | Live Shows | The X Factor 2017",notcb
772,"Trying On Wedding Dresses | November Vlog Pt. 1",notcb
773,"CFL 105th Grey Cup - Calgary Stampeders vs Toronto Argonauts Full Highlights",notcb
774,"$1000 PR Unboxing With Beauty Editor | Beauty With Mi | Refinery29",notcb
775,"Miss Universe Crowd Shouts 'Boo!' Not Happy with Ms. Jamaica Just 2nd Runner Up?",notcb
776,"Relay attack Solihull",notcb
777,"Mall Santa unmasked",notcb
778,"Top 5 Programming Languages to Learn to Get a Job at Google, Facebook, Microsoft, etc.",notcb
779,"Volcanic eruption strands tourists on Bali",notcb
780,"How to make a Wooden Katana from hardwood flooring // Woodworking",notcb
781,"DIY 3 volt tesla coil MUSEUM QUALITY",notcb
782,"Calum Scott - You Are The Reason (Lyric Video)",notcb
783,"Liam Gallagher - Come Back To Me (Official Video)",notcb
784,"Casually Laser-Exposing 0.2 mm PCB features on a 3D printer",notcb
785,"RHOA: Kim Zolciak-Biermann Says Kenya Moore's Husband Doesn't Exist (Season 10, Episode 4) | Bravo",notcb
786,"Linkin Park & Friends Celebrate Life in Honor of Chester Bennington (Recap Video)",notcb
787,"Give Yourself a GLOW JOB",notcb
788,"Cheese Expert Guesses Cheap vs Expensive Cheeses | Epicurious",notcb
789,"Nick Jonas - Say All You Want For Christmas (Audio) ft. Shania Twain",notcb
790,"SEVDALIZA - HEAR MY PAIN HEAL (4K)",notcb
791,"CONFRONTING MY MOM",notcb
792,"Honest Trailers - The Room",notcb
793,"Everything Wrong With Arrival In 16 Minutes Or Less",cb
794,"Love, Simon | Official Trailer [HD] | 20th Century FOX",notcb
795,"2 wingsuit flyers BASE jump into a plane in mid-air. | A Door In The Sky",notcb
796,"The YIAY Book! (YIAY #378)",notcb
797,"TEENS READ 10 FUNNY FRIEND ZONE TEXTS (REACT)",cb
798,"The Voice 2017 - Team Miley: Man! I Feel Like a Woman",notcb
799,"Let's Talk about Money",notcb
800,"How-To Make a Steak Sandwich with Matty Matheson",notcb
801,"Old Movies Used To Just Shoot Real Bullets At People",notcb
802,"Jennifer Lawrence: 'I Become Incredibly Rude' to Avoid Fan Encounters in Public",notcb
803,"90's Toy Mystery Box (ft. Joe Sugg)",notcb
804,"BTS Fans Get the Surprise of a Lifetime",notcb
805,"Daisy Ridley talks about spending time with Carrie Fisher on the set of 'The Force Awakens'",notcb
806,"Kane Brown - Found You",notcb
807,"How To Make A GIANT CANDY CANE Cake w. SURPRISE INSIDE | PEPPERMINT MOCHA | How To Cake It",notcb
808,"YOUTUBER QUIZ + TRUTH OR DARE W/ THE MERRELL TWINS!",notcb
809,"PRINCESS PEACH CAKE - SUPER MARIO - NERDY NUMMIES",notcb
810,"John Mayer On Andy Cohen’s Annoying Habit | WWHL",notcb
811,"Anti-Soggy Cereal Spoon",notcb
812,"Star Wars Whisper Challenge with Daisy Ridley",notcb
813,"Pancakes Recipe | Quick and Easy Pancakes by Grandpa for Orphan Kids",notcb
814,"COMING OUT (ELLE MILLS STYLE)",notcb
815,"73 Questions With Michael B. Jordan | Vogue",notcb
816,"Texans vs. Ravens | NFL Week 12 Game Highlights",notcb
817,"This Week I Learned to Saber a Champagne Bottle",notcb
818,"What do cats want for Christmas? - Simon's Cat | LOGIC",notcb
819,"WHAT MY $1100 LA STUDIO LOOKS LIKE",notcb
820,"REACTING to BTS Mic Drop! (MV)",notcb
821,"2018 Grammy Nominations ANNOUNCED - Kendrick Lamar, Jay-Z, Bruno & MORE",notcb
822,"Darren Criss - I Don’t Mind (Official Music Video)",notcb
823,"The $1000 Smartphone Giveaway!",notcb
824,"Impatient Dog Honks Horn for Owner's Attention",notcb
825,"Finding a Boyfriend for the Holidays | Hannah Stocking",notcb
826,"Imagine Dragons - Thunder (Live On The Ellen DeGeneres Show/2017)",notcb
827,"MEGA JAM DAY",notcb
828,"Zero Mass' solar panels turn air into drinking water",notcb
829,"Miguel - Come Through and Chill (Audio) ft. J. Cole, Salaam Remi",notcb
830,"I'm so done with these...",notcb
831,"Kris Jenner would Love to Live with Kim Kardashian & Kanye West again",notcb
832,"If Talk Show Interviews Were Honest (ft. Chelsea Handler)",notcb
833,"Running With Epilepsy",notcb
834,"Expert Explains One Concept in 5 Levels of Difficulty - Blockchain | WIRED",notcb
835,"PADDINGTON 2 - Full US Trailer",notcb
836,"Melissa Benoist Sings Running Home To You | Crisis On Earth X | Supergirl S3x8",notcb
837,"2018 Rock + Metal Grammy Nominees Revealed",notcb
838,"A Magical Holiday",notcb
839,"Timothée Chalamet's first time meeting Andy Cohen",notcb
840,"How to take a screenshot on your iPhone or iPad — Apple Support",notcb
841,"Harry Styles - Kiwi - ARIA Awards 2017",notcb
842,"Hillary Clinton On Why She’s Not Running For President Again | Teen Vogue",notcb
843,"Ohio State vs Michigan | Highlights | FOX COLLEGE FOOTBALL",notcb
844,"Alfred: Before Batman",notcb
845,"Let's Talk Money | Everyday Smokey Eye Tutorial | Cruelty Free | Lucy Moon",notcb
846,"Glass engineering - designing and making photochromic glass",notcb
847,"Kiss You This Christmas - Why Don't We [Official Music Video]",notcb
848,"A Sainty Switch",notcb
849,"Geek Spinner Demonstration",notcb
850,"Damascus of batteries   a knife from a flashlight",notcb
852,"Exploiting a Furby Connect",notcb
853,"Urus: A Super SUV with Super Sports Car DNA",notcb
855,"Marvel Studios' Avengers: Infinity War Official Trailer",notcb
856,"The New Snapchat in 60 Seconds",notcb
857,"Matt Lauer Has Been Fired From NBC News | TODAY",notcb
858,"Liquid Sand Hot Tub- Fluidized air bed",notcb
859,"Why cities are full of uncomfortable benches",notcb
860,"ALL THE MONEY IN THE WORLD - Official Trailer (HD)",notcb
861,"Sam Smith - One Last Song (Official Video)",notcb
862,"Never Have I Ever with Kylie, Jordyn and Victoria",notcb
863,"'I have taken poison' claims war criminal",notcb
865,"Matt Lauer & Garrison Keillor Accused of Sexual Harassment",notcb
866,"LeBron James ejected for first time in career | ESPN",notcb
867,"Saoirse Ronan Had to Drink Before Watching Lady Bird for the First Time",notcb
868,"Kylie Jenner Pregnancy Reveal On Keeping Up With The Kardashians",notcb
869,"Adriana Lima’s Victoria’s Secret Sleepover | Vogue",notcb
870,"Joe Keery Swings By To Talk About Stranger Things 2",notcb
871,"Armie Hammer and Timothée Chalamet Talk Passionate First Rehearsal",notcb
872,"WE MADE A JEWELRY LINE // Grace Helbig",notcb
873,"5 Desserts To Share with your BFF at Max Brenner Chocolate Bar",notcb
874,"BOYFRIEND TAG w Travelaine | Madelaine Petsch",notcb
876,"Stop Chrome Tabs From Eating Your RAM",cb
875,"COCO Movie Review... and Olaf's Frozen Adventure | Andre Black Nerd",notcb
876,"Top 10 Plays of the Night: November 28, 2017",notcb
877,"Honest Trailer Commentaries - The Room",notcb
878,"Behind the Scenes at the Victoria's Secret Fashion Show | Vlog | Karlie Kloss",notcb
879,"John Mayer And Nicki Minaj’s Twitter Flirting | WWHL",notcb
880,"Avengers 4: Who Will Die? - Movie Talk",notcb
881,"'Riverdale' Season 2: Josie Takes Center Stage In The Upcoming 3 Part Episode | Sweetwater Secrets",notcb
883,"A social worker has the worst day of his life. Then, a homeless man shows him what 'bad' really is.",notcb
884,"How Lush's Popular Shampoo Bars Are Made | How Stuff Is Made | Refinery29",notcb
885,"What Jeremy Clarkson thinks about Tesla",notcb
886,"Nichola Joss's Top 3 Facial Massage Techniques | SUPERSTARS | Feelunique",notcb
887,"Logic & Rag'n'Bone Man - Broken People (from Bright: The Album) [Official Audio]",notcb
888,"Los Angeles’s Dangerous Obsession with Car Chases | The New Yorker",notcb
889,"POOL OF SQUISHIES - Japan Vlog",notcb
890,"How to DRAW ON COFFEE STAINS EP. 5!!!",notcb
891,"How Easy It Is For The Us President To Launch A Nuclear Weapon",notcb
892,"She's Gotta Have It | My Name Isn't | Netflix",notcb
893,"Royal Proposals: Prince Harry vs Prince William",notcb
894,"RAINSFORD - Intentions feat. Twin Shadow [Official Music Video]",notcb
895,"Grammys 2018 Nominations Announced | Billboard News",notcb
896,"Downtown | The Cuddle Squad",notcb
897,"Tell Hollywood to stand with immigrants",notcb
898,"Holiday Outfits for All Occasions | Chriselle Lim",notcb
899,"Chuck Norris - Hunter - World of Warcraft TV Commercial - 2011",notcb
900,"The Algorithm That Will Keep You Buying On Cyber Monday | Mach | NBC News",notcb
902,"Mario Batali Celebrates Thanksgiving with Spicy Wings | Hot Ones",notcb
903,"Verizon Commercial 2017 - (USA)",notcb
904,"Jay-Z and Dean Baquet, in Conversation",notcb
905,"Kelly Clarkson Carpool Karaoke",notcb
906,"Reacting to Avengers: Infinity War trailer",notcb
907,"CONFRONTING MY DAD",notcb
908,"Justin Timberlake And Stephen Harmonize The National Anthem",notcb
909,"James Franco Brings Tommy Wiseau to Kimmel",notcb
910,"Alexa Chung Fears for Her Life While Eating Spicy Wings | Hot Ones",notcb
911,"10 Crazy eBay Items!",notcb
912,"Trump and Republicans Rush to Pass Their Radical Tax Plan: A Closer Look",notcb
913,"When You Catch Your Boyfriend (ft. Nick Jonas)",notcb
914,"It's OK to not be OK",notcb
915,"Avengers: Infinity War - Trailer Review",notcb
916,"NEWBORN PETS AND A NEW APARTMENT",notcb
917,"IS THIS THE CAMERA OF THE FUTURE?",notcb
918,"Chelsea Handler Questions Whether She's Cut Out for a Relationship",notcb
919,"J. Balvin, Willy William - Mi Gente (Alesso Remix) with Anwar Jibawi",notcb
920,"Dog Cries Every Time He's Touched — Until He Meets This Woman | The Dodo",notcb
921,"John Boyega Shows Off His Best Michael Jackson Dance Moves",notcb
922,"I Built a FULL SIZE Tie Fighter/Silencer",notcb
923,"How a Sick Chimp Led to a Global Pandemic: The Rise of HIV",notcb
924,"How to Parent Yourself",notcb
925,"DIY ALL OF THE LIGHTS Paper Cut Light Box Art, BEST ART THAT HAS EVER BEEN MADE",notcb
926,"Disney's Live Action Mulan - Liu Yifei aka Crystal Liu Cast - REACTION",notcb
