1,*drinks Bang Energy once*,cb
1,I PAID STRANGERS TO PHOTOSHOP ME HOTTER (and more...),cb
1,What Are Some Obvious HINTS That Guys Ignore?  (r/AskReddit),cb
1,15 Times Ryan Stiles Owned Whose Line Is It,cb
1,12 Shocking Facts About North Korean Soldiers,cb
1,TheHUB Live - Amazing Facts That Will Truly Blow Your Mind!!,cb
1,NEW BIKE DAY!   (and new cactus day),cb
1,Grinded So Hard I Became A God in Super Life RPG,cb
1,Do Not Drop Food Cans in Hot Burning Oil!,cb
1,My Mom Entered Without Knocking And Saw Me And My Stepdad,cb
1,Olympic Cyclist vs $28 Aldi Bike Trainer,cb
1,WORLD'S TALLEST SWING! *Over 280 feet*,cb
1,You Know It's GNARLY When There's a WARNING!,cb
1,Speedy Baling Before the Rain???,cb
1,The Beavers Wont Eat This Overflow!,cb
1,The Reason Our Streets Switched to Cul-De-Sacs,cb
1,These Are the World's Strangest Time Zones,cb
1,[REAL ATC] Air China has LEFT ENGINE FIRE ON TAKEOFF from Dulles!,cb
1,[REAL ATC] Learjet 35A CRASHED and BURST INTO FLAMES @Teterboro,cb
1,How To Hydro Dip ANYTHING,cb
1,You Wont Believe What Super Glue Does in Borax,cb
1,Using House Plants to Dye Your Clothes (Debunking Viral Videos),cb
1,HOW TO FIND GOLD EVERY TIME IN ANY CREEK!!!!!,cb
1,I Strapped a GoPro on a GIANT Fish!!! (SURPRISE Underwater Footage),cb
1,How I wasted my money - Lifestyle Creep | #grindreel,cb
1,What a REAL web developer interview is like (Front End),cb
1,ðŸ”´ How can I help? Chatting | @joshuafluke everywhere,cb
1,$400 Mavic Mini Drone; GARBAGE or great??,cb
1,DJI SPARK: 10 tips for CINEMATIC DRONE SHOTS!,cb
1,5 Personal Airplanes You Can Buy For Less Than $30,cb
1,TESTING WEIRD AMAZON PRODUCTS 4 | AYYDUBS,cb
1,$10 Haircut VS $100 Haircut... **biggest mistake ever**,cb
